row_id,side,role,term,gold_snomed_id,gold_concept_term,pred_snomed_id,pred_concept_term,hit,gt_rank,gold_absence_stage,gold_in_initial_results,gold_in_allowed_domain,gold_in_truncated_set,gold_in_final_ranked,gold_filter_reasons,num_ranked_to_gt,rank_chain_to_gt,top10_chain
t0_row_01,condition,Procedure,Percutaneous coronary revascularization,415070008,Percutaneous transluminal coronary intervention using imaging guidance with contrast (procedure),415070008,Percutaneous transluminal coronary intervention using imaging guidance with contrast (procedure),1,1,rescue_override,,,,,,1,1:415070008:Percutaneous transluminal coronary intervention using imaging guidance with contrast (procedure):1.0,1:415070008:Percutaneous transluminal coronary intervention using imaging guidance with contrast (procedure):1.0
t0_row_01,condition,Procedure,Coronary artery bypass grafting,232717009,Coronary artery bypass grafting (procedure),698378009,Coronary artery bypass graft operation planned (situation),0,11,,,,,,,11,1:698378009:Coronary artery bypass graft operation planned (situation):1.0 | 2:232719007:Coronary artery bypass graft x 1 (procedure):1.0 | 3:232720001:Coronary artery bypass grafts x 2 (procedure):1.0 | 4:232721002:Coronary artery bypass grafts x 3 (procedure):1.0 | 5:232722009:Coronary artery bypass grafts x 4 (procedure):1.0 | 6:232723004:Coronary artery bypass grafts x 5 (procedure):1.0 | 7:232724005:Coronary artery bypass grafts greater than 5 (procedure):1.0 | 8:307765003:[V]Presence of coronary artery bypass graft (situation):1.0 | 9:149174003:Coronary artery bypass grafting (procedure):1.0 | 10:149173009:Coronary artery bypass grafting (procedure):1.0 | 11:232717009:Coronary artery bypass grafting (procedure):1.0,1:698378009:Coronary artery bypass graft operation planned (situation):1.0 | 2:232719007:Coronary artery bypass graft x 1 (procedure):1.0 | 3:232720001:Coronary artery bypass grafts x 2 (procedure):1.0 | 4:232721002:Coronary artery bypass grafts x 3 (procedure):1.0 | 5:232722009:Coronary artery bypass grafts x 4 (procedure):1.0 | 6:232723004:Coronary artery bypass grafts x 5 (procedure):1.0 | 7:232724005:Coronary artery bypass grafts greater than 5 (procedure):1.0 | 8:307765003:[V]Presence of coronary artery bypass graft (situation):1.0 | 9:149174003:Coronary artery bypass grafting (procedure):1.0 | 10:149173009:Coronary artery bypass grafting (procedure):1.0
t0_row_01,action,Procedure,Informing patient,310866003,Informing patient (procedure),148292006,Informing patient (procedure),0,3,,,,,,,3,1:148292006:Informing patient (procedure):1.0 | 2:171068006:Informing patient (procedure):1.0 | 3:310866003:Informing patient (procedure):1.0,1:148292006:Informing patient (procedure):1.0 | 2:171068006:Informing patient (procedure):1.0 | 3:310866003:Informing patient (procedure):1.0 | 4:171070002:Informing patient of prognosis (procedure):1.0 | 5:148293001:Informing patient of diagnosis (procedure):1.0 | 6:148294007:Informing patient of prognosis (procedure):1.0 | 7:171069003:Informing patient of diagnosis (procedure):1.0 | 8:310867007:Informing patient of diagnosis (procedure):1.0 | 9:310868002:Informing patient of prognosis (procedure):1.0 | 10:396071005:Patient education regarding Patient Bill of Rights (procedure):1.0
t0_row_01,action,Procedure,Using decision making strategies,415806002,Using decision making strategies (finding),415806002,Using decision making strategies (finding),1,1,rescue_override,,,,,,1,1:415806002:Using decision making strategies (finding):1.0,1:415806002:Using decision making strategies (finding):1.0
t0_row_02,condition,ClinicalCondition,Chronic ischemic heart disease,413838009,Chronic ischemic heart disease (disorder),413838009,Chronic ischemic heart disease (disorder),1,2,,,,,,,2,1:84537008:Chronic ischemic heart disease (disorder):1.0 | 2:413838009:Chronic ischemic heart disease (disorder):1.0,1:84537008:Chronic ischemic heart disease (disorder):1.0 | 2:413838009:Chronic ischemic heart disease (disorder):1.0 | 3:266290000:Heart disease: [arteriosclerotic] or [chronic ischaemic NOS] (disorder):1.0 | 4:155315001:Heart disease: [arteriosclerotic] or [chronic ischaemic NOS] (disorder):1.0 | 5:155318004:Chronic ischaemic heart disease NOS (disorder):1.0 | 6:266291001:Chronic ischemic heart disease NOS (disorder):1.0 | 7:194840000:Other chronic ischemic heart disease (disorder):1.0 | 8:194854008:Other chronic ischemic heart disease NOS (disorder):1.0 | 9:195544005:[X]Other forms of chronic ischemic heart disease (disorder):1.0 | 10:194851000:Other specified chronic ischemic heart disease (disorder):1.0
t0_row_02,condition,ClinicalParameter,Left ventricular ejection fraction,250908004,Left ventricular ejection fraction (observable entity),250908004,Left ventricular ejection fraction (observable entity),1,1,,,,,,,1,1:250908004:Left ventricular ejection fraction (observable entity):1.0,1:250908004:Left ventricular ejection fraction (observable entity):1.0 | 2:389385008:Left ventricular ejection fraction (observable entity):1.0 | 3:390116000:Left ventricular ejection fraction (finding):1.0 | 4:863932003:Left ventricular ejection fraction decreased (finding):1.0 | 5:5041000175101:Estimated lower limit of left ventricular ejection fraction (observable entity):1.0 | 6:5051000175104:Estimated upper limit of left ventricular ejection fraction (observable entity):1.0 | 7:46258004:Determination of ventricular ejection fraction with probe technique (procedure):0.8405763398575983 | 8:27649004:Left ventricular ST changes (finding):0.5043573748026335 | 9:43101003:Structure of left ventricular fold of larynx (body structure):0.4943573748026336 | 10:25488008:Left ventricular hypertrophy by electrocardiogram (finding):0.4943573748026336
t0_row_02,condition,ClinicalCondition,Triple vessel disease of the heart,233817007,Triple vessel disease of the heart (disorder),233817007,Triple vessel disease of the heart (disorder),1,1,,,,,,,1,1:233817007:Triple vessel disease of the heart (disorder):1.0,1:233817007:Triple vessel disease of the heart (disorder):1.0 | 2:194841001:Coronary (atherosclerosis or artery disease) or triple vessel disease of the heart (disorder):1.0 | 3:27755001:Operation on vessels of heart (procedure):0.598587570621469 | 4:45414006:Glucocorticoid deficiency with achalasia (disorder):0.511412429378531 | 5:169793002:Triple test wanted (finding):0.511412429378531 | 6:76070002:Triple (qualifier value):0.501412429378531 | 7:35111009:Trisomy X syndrome (disorder):0.481412429378531 | 8:169789008:Triple test offered (finding):0.481412429378531 | 9:169791000:Triple test not offered (finding):0.481412429378531 | 10:21829004:Blood vessel finding (finding):0.481412429378531
t0_row_02,action,Procedure,Myocardial revascularization,275227003,Myocardial revascularization (procedure),275227003,Myocardial revascularization (procedure),1,1,,,,,,,1,1:275227003:Myocardial revascularization (procedure):1.0,1:275227003:Myocardial revascularization (procedure):1.0 | 2:1371148009:Myocardial infarction following percutaneous coronary intervention (disorder):0.9674613663505864 | 3:1371149001:Subsequent myocardial infarction following percutaneous coronary intervention (disorder):0.9543956224273991 | 4:70627009:Myocardial resection (procedure):0.9486013042282414 | 5:703360004:Subsequent non-ST segment elevation myocardial infarction (disorder):0.943561288530762 | 6:816976901000119101:History of myocardial infarction following coronary artery bypass graft (situation):0.9325071248363805 | 7:64432007:Radioisotope myocardial imaging procedure (procedure):0.9318918918918919 | 8:458598511000119103:History of subsequent non-ST segment elevation myocardial infarction (situation):0.9315367016147924 | 9:791251731000119101:History of myocardial infarction following percutaneous coronary intervention (situation):0.9245050714563678 | 10:703211006:Subsequent ST segment elevation myocardial infarction (disorder):0.923457874472077
t0_row_02,action,Procedure,Medical therapy,243121000,Medical therapy (procedure),243121000,Medical therapy (procedure),1,1,,,,,,,1,1:243121000:Medical therapy (procedure):1.0,"1:243121000:Medical therapy (procedure):1.0 | 2:37670002:Teacher in medical therapy/advanced nursing/related arts (occupation):1.0 | 3:403755007:Adverse cutaneous reaction to alternative medical therapy (navigational concept):1.0 | 4:425914008:Adjustment reaction to medical therapy (disorder):1.0 | 5:26342005:Medical evaluation for speech, language and/or hearing problems (regime/therapy):1.0 | 6:28868002:Interactive group medical psychotherapy (regime/therapy):1.0 | 7:8411005:Interactive individual medical psychotherapy (regime/therapy):1.0 | 8:27853000:Medical procedure on anus (procedure):0.5900000000000001 | 9:30198001:Medical procedure on lung (procedure):0.5900000000000001 | 10:38318006:Medical procedure on heart (procedure):0.5900000000000001"
t0_row_03,condition,ClinicalCondition,Chronic ischemic heart disease,413838009,Chronic ischemic heart disease (disorder),413838009,Chronic ischemic heart disease (disorder),1,2,,,,,,,2,1:84537008:Chronic ischemic heart disease (disorder):1.0 | 2:413838009:Chronic ischemic heart disease (disorder):1.0,1:84537008:Chronic ischemic heart disease (disorder):1.0 | 2:413838009:Chronic ischemic heart disease (disorder):1.0 | 3:266290000:Heart disease: [arteriosclerotic] or [chronic ischaemic NOS] (disorder):1.0 | 4:155315001:Heart disease: [arteriosclerotic] or [chronic ischaemic NOS] (disorder):1.0 | 5:155318004:Chronic ischaemic heart disease NOS (disorder):1.0 | 6:266291001:Chronic ischemic heart disease NOS (disorder):1.0 | 7:194840000:Other chronic ischemic heart disease (disorder):1.0 | 8:194854008:Other chronic ischemic heart disease NOS (disorder):1.0 | 9:195544005:[X]Other forms of chronic ischemic heart disease (disorder):1.0 | 10:194851000:Other specified chronic ischemic heart disease (disorder):1.0
t0_row_03,condition,ClinicalParameter,Left ventricular ejection fraction,250908004,Left ventricular ejection fraction (observable entity),250908004,Left ventricular ejection fraction (observable entity),1,1,,,,,,,1,1:250908004:Left ventricular ejection fraction (observable entity):1.0,1:250908004:Left ventricular ejection fraction (observable entity):1.0 | 2:389385008:Left ventricular ejection fraction (observable entity):1.0 | 3:390116000:Left ventricular ejection fraction (finding):1.0 | 4:863932003:Left ventricular ejection fraction decreased (finding):1.0 | 5:5041000175101:Estimated lower limit of left ventricular ejection fraction (observable entity):1.0 | 6:5051000175104:Estimated upper limit of left ventricular ejection fraction (observable entity):1.0 | 7:46258004:Determination of ventricular ejection fraction with probe technique (procedure):0.8405763398575983 | 8:27649004:Left ventricular ST changes (finding):0.5043573748026335 | 9:43101003:Structure of left ventricular fold of larynx (body structure):0.4943573748026336 | 10:25488008:Left ventricular hypertrophy by electrocardiogram (finding):0.4943573748026336
t0_row_03,condition,ClinicalCondition,Atherosclerosis of proximal portion of anterior descending branch of left coronary artery,1366501001,Atherosclerosis of proximal portion of anterior descending branch of left coronary artery (disorder),1366501001,Atherosclerosis of proximal portion of anterior descending branch of left coronary artery (disorder),1,1,,,,,,,1,1:1366501001:Atherosclerosis of proximal portion of anterior descending branch of left coronary artery (disorder):1.0,1:1366501001:Atherosclerosis of proximal portion of anterior descending branch of left coronary artery (disorder):1.0 | 2:1366503003:Atherosclerosis of mid portion of anterior descending branch of left coronary artery (disorder):1.0 | 3:1366498001:Atherosclerosis of anterior descending branch of left coronary artery (disorder):1.0 | 4:1366499009:Atherosclerosis of proximal portion of circumflex branch of left coronary artery (disorder):1.0 | 5:1366504009:Atherosclerosis of proximal portion of right coronary artery (disorder):1.0 | 6:1366502008:Atherosclerosis of mid portion of circumflex branch of left coronary artery (disorder):1.0 | 7:52433000:Structure of proximal portion of circumflex branch of left coronary artery (body structure):1.0 | 8:1366500000:Atherosclerosis of left coronary artery (disorder):1.0 | 9:443502000:Atherosclerosis of coronary artery (disorder):0.9987617582667109 | 10:1303693000:Atherosclerosis of right coronary artery (disorder):0.9789265382874247
t0_row_03,condition,ClinicalCondition,Single coronary vessel disease,194842008,Single coronary vessel disease (disorder),194842008,Single coronary vessel disease (disorder),1,1,,,,,,,1,1:194842008:Single coronary vessel disease (disorder):1.0,"1:194842008:Single coronary vessel disease (disorder):1.0 | 2:34147004:Anastomosis of internal mammary artery to coronary artery, single vessel (procedure):1.0 | 3:48431000:Anastomosis of thoracic artery to coronary artery, single (procedure):1.0 | 4:68466008:Removal of coronary artery obstruction by percutaneous transluminal balloon, single vessel (procedure):1.0 | 5:24080003:Single vessel percutaneous transluminal coronary angioplasty with thrombolytic agent infusion (procedure):1.0 | 6:91338001:Infusion of intra-arterial thrombolytic agent with percutaneous transluminal coronary angioplasty, single vessel (procedure):1.0 | 7:40193008:Single vessel of umbilical cord (disorder):1.0 | 8:21981000:Single coronary artery (disorder):0.6985875706214689 | 9:50570003:Aneurysm of coronary vessels (disorder):0.6385875706214689 | 10:41056009:Coronary arteriography using a single catheter (procedure):0.5835875706214689"
t0_row_03,condition,ClinicalCondition,Double coronary vessel disease,194843003,Double coronary vessel disease (disorder),194843003,Double coronary vessel disease (disorder),1,1,,,,,,,1,1:194843003:Double coronary vessel disease (disorder):1.0,"1:194843003:Double coronary vessel disease (disorder):1.0 | 2:39724006:Anastomosis of internal mammary artery to coronary artery, double vessel (procedure):1.0 | 3:30670000:Anastomosis of thoracic artery to coronary artery, double (procedure):1.0 | 4:50570003:Aneurysm of coronary vessels (disorder):0.6385875706214689 | 5:34147004:Anastomosis of internal mammary artery to coronary artery, single vessel (procedure):0.5805875706214689 | 6:10190003:Aortocoronary bypass of four or more coronary arteries (procedure):0.5805875706214689 | 7:29819009:Aortocoronary bypass of one coronary artery (procedure):0.5805875706214689 | 8:23322009:Removal of coronary artery obstruction, percutaneous transluminal, multiple vessels (procedure):0.5785875706214689 | 9:14323007:Aortocoronary bypass of three coronary arteries (procedure):0.5785875706214689 | 10:48431000:Anastomosis of thoracic artery to coronary artery, single (procedure):0.5785875706214689"
t0_row_03,action,Procedure,Myocardial revascularization,275227003,Myocardial revascularization (procedure),275227003,Myocardial revascularization (procedure),1,1,,,,,,,1,1:275227003:Myocardial revascularization (procedure):1.0,1:275227003:Myocardial revascularization (procedure):1.0 | 2:70627009:Myocardial resection (procedure):0.9486013042282414 | 3:1371343005:Administration of prophylactic drug or medicament for myocardial infarction (procedure):0.9358052831243824 | 4:64432007:Radioisotope myocardial imaging procedure (procedure):0.9318918918918919 | 5:429232006:Decreased myocardial ischemia compared to prior study (finding):0.915551739866669 | 6:39441009:Endomyocardial biopsy (procedure):0.9018918918918919 | 7:428824000:Resolution of myocardial ischemia (situation):0.8962205874275517 | 8:57809008:Myocardial disease (disorder):0.8918918918918919 | 9:86441007:Cardiac myocyte (cell):0.8918918918918919 | 10:122448007:Structure of cardiac muscle tissue (body structure):0.8918918918918919
t0_row_03,action,Procedure,Medical therapy,243121000,Medical therapy (procedure),243121000,Medical therapy (procedure),1,1,,,,,,,1,1:243121000:Medical therapy (procedure):1.0,"1:243121000:Medical therapy (procedure):1.0 | 2:37670002:Teacher in medical therapy/advanced nursing/related arts (occupation):1.0 | 3:403755007:Adverse cutaneous reaction to alternative medical therapy (navigational concept):1.0 | 4:425914008:Adjustment reaction to medical therapy (disorder):1.0 | 5:26342005:Medical evaluation for speech, language and/or hearing problems (regime/therapy):1.0 | 6:28868002:Interactive group medical psychotherapy (regime/therapy):1.0 | 7:8411005:Interactive individual medical psychotherapy (regime/therapy):1.0 | 8:27853000:Medical procedure on anus (procedure):0.5900000000000001 | 9:30198001:Medical procedure on lung (procedure):0.5900000000000001 | 10:38318006:Medical procedure on heart (procedure):0.5900000000000001"
t0_row_04,condition,Procedure,Percutaneous coronary revascularization,415070008,Percutaneous transluminal coronary intervention using imaging guidance with contrast (procedure),415070008,Percutaneous transluminal coronary intervention using imaging guidance with contrast (procedure),1,1,rescue_override,,,,,,1,1:415070008:Percutaneous transluminal coronary intervention using imaging guidance with contrast (procedure):1.0,1:415070008:Percutaneous transluminal coronary intervention using imaging guidance with contrast (procedure):1.0
t0_row_04,condition,ClinicalCondition,Lesion,52988006,Lesion (morphologic abnormality),52988006,Lesion (morphologic abnormality),1,1,,,,,,,1,1:52988006:Lesion (morphologic abnormality):1.0,1:52988006:Lesion (morphologic abnormality):1.0 | 2:10683007:Destruction of lesion of heart (procedure):1.0 | 3:13713005:Thromboembolus (morphologic abnormality):1.0 | 4:14459002:Excision of lesion of vein of head and neck (procedure):1.0 | 5:15395004:Destruction of lesion of cul-de-sac (procedure):1.0 | 6:189009:Excision of lesion of artery (procedure):1.0 | 7:2199005:Excision of lesion of cul-de-sac (procedure):1.0 | 8:2427005:Nonallopathic lesion of rib cage (finding):1.0 | 9:7870007:Vascular lesion of cord (disorder):1.0 | 10:5553009:Excision of lesion of bile ducts (procedure):1.0
t0_row_04,condition,ClinicalCondition,Stenosis of left coronary artery main stem,876857001,Stenosis of left coronary artery main stem (disorder),876857001,Stenosis of left coronary artery main stem (disorder),1,1,rescue_override,,,,,,1,1:876857001:Stenosis of left coronary artery main stem (disorder):1.0,1:876857001:Stenosis of left coronary artery main stem (disorder):1.0
t0_row_04,action,Procedure,Intravascular ultrasound of artery,241467003,Intravascular ultrasound of artery (procedure),241467003,Intravascular ultrasound of artery (procedure),1,1,,,,,,,1,1:241467003:Intravascular ultrasound of artery (procedure):1.0,1:241467003:Intravascular ultrasound of artery (procedure):1.0 | 2:310658009:Intravascular ultrasound of coronary artery (procedure):1.0 | 3:175077007:Intravascular ultrasound of coronary artery (procedure):1.0 | 4:241468008:Intravascular ultrasound of intracranial artery (procedure):1.0 | 5:230928006:Diagnostic intravascular ultrasound of intracranial artery (procedure):1.0 | 6:431747006:Intravascular ultrasound Doppler imaging of coronary artery using fluoroscopic guidance with contrast (procedure):1.0 | 7:230927001:Intracranial intravascular ultrasound (procedure):1.0 | 8:241466007:Intravascular ultrasound angiography of blood vessel (procedure):1.0 | 9:241469000:Intravascular ultrasound of arterial graft (procedure):1.0 | 10:432093004:Intravascular ultrasound thrombolysis using fluoroscopic guidance with contrast (procedure):1.0
t0_row_04,action,Procedure,Optical coherence tomography,392010000,Optical coherence tomography (procedure),392010000,Optical coherence tomography (procedure),1,1,,,,,,,1,1:392010000:Optical coherence tomography (procedure):1.0,1:392010000:Optical coherence tomography (procedure):1.0 | 2:698254001:Intravascular optical coherence tomography of coronary vessel (procedure):1.0 | 3:1303745001:Optical coherence tomography of anterior segment of eye (procedure):1.0 | 4:1303746000:Optical coherence tomography of posterior segment of eye (procedure):1.0 | 5:1334009001:Optical coherence tomography of left coronary artery using fluoroscopic guidance with contrast (procedure):1.0 | 6:912321000000101:Optical coherence tomography of coronary artery using fluoroscopic guidance with contrast (procedure):1.0 | 7:1334010006:Optical coherence tomography of right coronary artery using fluoroscopic guidance with contrast (procedure):1.0 | 8:1334011005:Optical coherence tomography of bilateral coronary arteries using fluoroscopic guidance with contrast (procedure):1.0 | 9:426241002:Optical coherence tomography of eye region (procedure):1.0 | 10:467489003:Coronary optical coherence tomography system (physical object):1.0
t0_row_05,condition,Procedure,Myocardial revascularization,275227003,Myocardial revascularization (procedure),275227003,Myocardial revascularization (procedure),1,1,,,,,,,1,1:275227003:Myocardial revascularization (procedure):1.0,1:275227003:Myocardial revascularization (procedure):1.0 | 2:1371149001:Subsequent myocardial infarction following percutaneous coronary intervention (disorder):0.9549241159509967 | 3:70627009:Myocardial resection (procedure):0.9486013042282414 | 4:64432007:Radioisotope myocardial imaging procedure (procedure):0.9318918918918919 | 5:39441009:Endomyocardial biopsy (procedure):0.9018918918918919 | 6:57809008:Myocardial disease (disorder):0.8918918918918919 | 7:86441007:Cardiac myocyte (cell):0.8918918918918919 | 8:122448007:Structure of cardiac muscle tissue (body structure):0.8918918918918919 | 9:142021007:ECG: myocardial ischaemia (finding):0.8918918918918919 | 10:142022000:ECG: no myocardial ischaemia (finding):0.8918918918918919
t0_row_05,condition,ClinicalCondition,Chronic ischemic heart disease,413838009,Chronic ischemic heart disease (disorder),413838009,Chronic ischemic heart disease (disorder),1,2,,,,,,,2,1:84537008:Chronic ischemic heart disease (disorder):1.0 | 2:413838009:Chronic ischemic heart disease (disorder):1.0,1:84537008:Chronic ischemic heart disease (disorder):1.0 | 2:413838009:Chronic ischemic heart disease (disorder):1.0 | 3:266290000:Heart disease: [arteriosclerotic] or [chronic ischaemic NOS] (disorder):1.0 | 4:155315001:Heart disease: [arteriosclerotic] or [chronic ischaemic NOS] (disorder):1.0 | 5:155318004:Chronic ischaemic heart disease NOS (disorder):1.0 | 6:266291001:Chronic ischemic heart disease NOS (disorder):1.0 | 7:194840000:Other chronic ischemic heart disease (disorder):1.0 | 8:194854008:Other chronic ischemic heart disease NOS (disorder):1.0 | 9:195544005:[X]Other forms of chronic ischemic heart disease (disorder):1.0 | 10:194851000:Other specified chronic ischemic heart disease (disorder):1.0
t0_row_05,action,Procedure,Intracoronary pressure guide wire,371789009,Intracoronary pressure guide wire (physical object),371789009,Intracoronary pressure guide wire (physical object),1,1,,,,,,,1,1:371789009:Intracoronary pressure guide wire (physical object):1.0,"1:371789009:Intracoronary pressure guide wire (physical object):1.0 | 2:371788001:Intracoronary Doppler guide wire (physical object):0.8953144633194495 | 3:129462001:Catheter guide wire, device (physical object):0.48620689655172417 | 4:53178003:Esophagoscopy for insertion of wire to guide dilation (procedure):0.48120689655172416 | 5:372463005:Intracoronary route (qualifier value):0.29154649947753397 | 6:13543005:Pressure (finding):0.23344827586206904 | 7:261538006:Open intracoronary repair of coronary artery fistula (procedure):0.21034482758620693 | 8:61953007:Injection of thrombolytic agent direct into coronary artery (procedure):0.21034482758620693 | 9:384693001:Intracoronary artery thrombolytic infusion (procedure):0.21034482758620693 | 10:41633001:Intraocular pressure (observable entity):0.2057360659292996"
t0_row_05,action,Procedure,Angiography of coronary artery,33367005,Angiography of coronary artery (procedure),33367005,Angiography of coronary artery (procedure),1,1,,,,,,,1,1:33367005:Angiography of coronary artery (procedure):1.0,1:33367005:Angiography of coronary artery (procedure):1.0 | 2:419997008:Magnetic resonance angiography of coronary artery (procedure):1.0 | 3:419416005:Fluoroscopic angiography of coronary artery with contrast (procedure):1.0 | 4:419545005:Computed tomography angiography of coronary artery with contrast (procedure):1.0 | 5:418982001:Fluoroscopic angiography of coronary artery with contrast and insertion of stent (procedure):1.0 | 6:764970007:Retrospectively electrocardiogram gated computed tomography angiography of coronary artery with contrast (procedure):1.0 | 7:765113006:Prospectively electrocardiogram gated computed tomography angiography of coronary artery with contrast (procedure):1.0 | 8:440074009:Nonsurgical reduction of cardiac septum for hypertrophic obstructive cardiomyopathy with angiography of coronary artery (procedure):1.0 | 9:1354587000:Percutaneous transluminal radiofrequency ablation of hypertrophy of myocardium of septal region of left ventricle with angiography of coronary artery (procedure):1.0 | 10:1354586009:Percutaneous transluminal ablation of hypertrophy of myocardium of septal region of left ventricle using alcohol with angiography of coronary artery (procedure):1.0
t0_row_06,condition,Procedure,Myocardial revascularization,275227003,Myocardial revascularization (procedure),275227003,Myocardial revascularization (procedure),1,1,,,,,,,1,1:275227003:Myocardial revascularization (procedure):1.0,1:275227003:Myocardial revascularization (procedure):1.0 | 2:70627009:Myocardial resection (procedure):0.9486013042282414 | 3:64432007:Radioisotope myocardial imaging procedure (procedure):0.9318918918918919 | 4:39441009:Endomyocardial biopsy (procedure):0.9018918918918919 | 5:57809008:Myocardial disease (disorder):0.8918918918918919 | 6:86441007:Cardiac myocyte (cell):0.8918918918918919 | 7:122448007:Structure of cardiac muscle tissue (body structure):0.8918918918918919 | 8:142021007:ECG: myocardial ischaemia (finding):0.8918918918918919 | 9:142022000:ECG: no myocardial ischaemia (finding):0.8918918918918919 | 10:142023005:ECG:shows myocardial ischaemia (finding):0.8918918918918919
t0_row_06,condition,ClinicalCondition,Chronic ischemic heart disease,413838009,Chronic ischemic heart disease (disorder),413838009,Chronic ischemic heart disease (disorder),1,2,,,,,,,2,1:84537008:Chronic ischemic heart disease (disorder):1.0 | 2:413838009:Chronic ischemic heart disease (disorder):1.0,1:84537008:Chronic ischemic heart disease (disorder):1.0 | 2:413838009:Chronic ischemic heart disease (disorder):1.0 | 3:266290000:Heart disease: [arteriosclerotic] or [chronic ischaemic NOS] (disorder):1.0 | 4:155315001:Heart disease: [arteriosclerotic] or [chronic ischaemic NOS] (disorder):1.0 | 5:155318004:Chronic ischaemic heart disease NOS (disorder):1.0 | 6:266291001:Chronic ischemic heart disease NOS (disorder):1.0 | 7:194840000:Other chronic ischemic heart disease (disorder):1.0 | 8:194854008:Other chronic ischemic heart disease NOS (disorder):1.0 | 9:195544005:[X]Other forms of chronic ischemic heart disease (disorder):1.0 | 10:194851000:Other specified chronic ischemic heart disease (disorder):1.0
t0_row_06,action,Procedure,Intracoronary pressure guide wire,371789009,Intracoronary pressure guide wire (physical object),371789009,Intracoronary pressure guide wire (physical object),1,1,,,,,,,1,1:371789009:Intracoronary pressure guide wire (physical object):1.0,"1:371789009:Intracoronary pressure guide wire (physical object):1.0 | 2:371788001:Intracoronary Doppler guide wire (physical object):0.8953144633194495 | 3:129462001:Catheter guide wire, device (physical object):0.48620689655172417 | 4:53178003:Esophagoscopy for insertion of wire to guide dilation (procedure):0.48120689655172416 | 5:372463005:Intracoronary route (qualifier value):0.29154649947753397 | 6:13543005:Pressure (finding):0.23344827586206904 | 7:261538006:Open intracoronary repair of coronary artery fistula (procedure):0.21034482758620693 | 8:61953007:Injection of thrombolytic agent direct into coronary artery (procedure):0.21034482758620693 | 9:384693001:Intracoronary artery thrombolytic infusion (procedure):0.21034482758620693 | 10:41633001:Intraocular pressure (observable entity):0.2057360659292996"
t0_row_06,action,Procedure,Angiography of coronary artery,33367005,Angiography of coronary artery (procedure),33367005,Angiography of coronary artery (procedure),1,1,,,,,,,1,1:33367005:Angiography of coronary artery (procedure):1.0,1:33367005:Angiography of coronary artery (procedure):1.0 | 2:419997008:Magnetic resonance angiography of coronary artery (procedure):1.0 | 3:419416005:Fluoroscopic angiography of coronary artery with contrast (procedure):1.0 | 4:419545005:Computed tomography angiography of coronary artery with contrast (procedure):1.0 | 5:418982001:Fluoroscopic angiography of coronary artery with contrast and insertion of stent (procedure):1.0 | 6:764970007:Retrospectively electrocardiogram gated computed tomography angiography of coronary artery with contrast (procedure):1.0 | 7:765113006:Prospectively electrocardiogram gated computed tomography angiography of coronary artery with contrast (procedure):1.0 | 8:440074009:Nonsurgical reduction of cardiac septum for hypertrophic obstructive cardiomyopathy with angiography of coronary artery (procedure):1.0 | 9:1354587000:Percutaneous transluminal radiofrequency ablation of hypertrophy of myocardium of septal region of left ventricle with angiography of coronary artery (procedure):1.0 | 10:1354586009:Percutaneous transluminal ablation of hypertrophy of myocardium of septal region of left ventricle using alcohol with angiography of coronary artery (procedure):1.0
t1_row_01,condition,Procedure,Myocardial revascularization,275227003,Myocardial revascularization (procedure),275227003,Myocardial revascularization (procedure),1,1,,,,,,,1,1:275227003:Myocardial revascularization (procedure):1.0,1:275227003:Myocardial revascularization (procedure):1.0 | 2:70627009:Myocardial resection (procedure):0.9486013042282414 | 3:64432007:Radioisotope myocardial imaging procedure (procedure):0.9318918918918919 | 4:39441009:Endomyocardial biopsy (procedure):0.9018918918918919 | 5:57809008:Myocardial disease (disorder):0.8918918918918919 | 6:86441007:Cardiac myocyte (cell):0.8918918918918919 | 7:122448007:Structure of cardiac muscle tissue (body structure):0.8918918918918919 | 8:142021007:ECG: myocardial ischaemia (finding):0.8918918918918919 | 9:142022000:ECG: no myocardial ischaemia (finding):0.8918918918918919 | 10:142023005:ECG:shows myocardial ischaemia (finding):0.8918918918918919
t1_row_01,condition,ClinicalCondition,Chronic ischemic heart disease,413838009,Chronic ischemic heart disease (disorder),413838009,Chronic ischemic heart disease (disorder),1,2,,,,,,,2,1:84537008:Chronic ischemic heart disease (disorder):1.0 | 2:413838009:Chronic ischemic heart disease (disorder):1.0,1:84537008:Chronic ischemic heart disease (disorder):1.0 | 2:413838009:Chronic ischemic heart disease (disorder):1.0 | 3:266290000:Heart disease: [arteriosclerotic] or [chronic ischaemic NOS] (disorder):1.0 | 4:155315001:Heart disease: [arteriosclerotic] or [chronic ischaemic NOS] (disorder):1.0 | 5:155318004:Chronic ischaemic heart disease NOS (disorder):1.0 | 6:266291001:Chronic ischemic heart disease NOS (disorder):1.0 | 7:194840000:Other chronic ischemic heart disease (disorder):1.0 | 8:194854008:Other chronic ischemic heart disease NOS (disorder):1.0 | 9:195544005:[X]Other forms of chronic ischemic heart disease (disorder):1.0 | 10:194851000:Other specified chronic ischemic heart disease (disorder):1.0
t1_row_01,action,Procedure,General characteristic of patient,363789004,General characteristic of patient (observable entity),363789004,General characteristic of patient (observable entity),1,1,,,,,,,1,1:363789004:General characteristic of patient (observable entity):1.0,1:363789004:General characteristic of patient (observable entity):1.0 | 2:363927006:General characteristic of eye (observable entity):1.0 | 3:363790008:General characteristic of appearance (observable entity):1.0 | 4:363854005:General characteristic of posture (observable entity):1.0 | 5:364446009:General characteristics of abdomen (observable entity):0.9882611683848797 | 6:7922000:General treatment (procedure):0.6730240549828179 | 7:364625007:Characteristic of pain (observable entity):0.6186139747995418 | 8:366661000:Finding of hair characteristics (finding):0.5269759450171821 | 9:364907003:Finding of motor unit characteristics (finding):0.4969759450171822 | 10:365512000:Finding of characteristics of home environment (finding):0.4969759450171822
t1_row_01,action,Procedure,Coronary artery structure,41801008,Coronary artery structure (body structure),41801008,Coronary artery structure (body structure),1,1,,,,,,,1,1:41801008:Coronary artery structure (body structure):1.0,1:41801008:Coronary artery structure (body structure):1.0 | 2:50018008:Left coronary artery structure (body structure):1.0 | 3:13647002:Right coronary artery structure (body structure):1.0 | 4:3227004:Structure of left coronary artery main stem (body structure):1.0 | 5:55537005:Structure of ostium of coronary artery (body structure):1.0 | 6:8482007:Structure of sinoatrial node branch of right coronary artery (body structure):1.0 | 7:12800002:Structure of atrioventricular node branch of right coronary artery (body structure):1.0 | 8:22765000:Structure of marginal branch of right coronary artery (body structure):1.0 | 9:41879009:Structure of distal portion of right coronary artery (body structure):1.0 | 10:51815003:Structure of obtuse marginal branch of circumflex branch of left coronary artery (body structure):1.0
t1_row_01,action,Procedure,Left ventricular ejection fraction,250908004,Left ventricular ejection fraction (observable entity),250908004,Left ventricular ejection fraction (observable entity),1,1,,,,,,,1,1:250908004:Left ventricular ejection fraction (observable entity):1.0,1:250908004:Left ventricular ejection fraction (observable entity):1.0 | 2:389385008:Left ventricular ejection fraction (observable entity):1.0 | 3:390116000:Left ventricular ejection fraction (finding):1.0 | 4:863932003:Left ventricular ejection fraction decreased (finding):1.0 | 5:5041000175101:Estimated lower limit of left ventricular ejection fraction (observable entity):1.0 | 6:5051000175104:Estimated upper limit of left ventricular ejection fraction (observable entity):1.0 | 7:46258004:Determination of ventricular ejection fraction with probe technique (procedure):0.9224732433724604 | 8:15291005:Left ventricular recording (procedure):0.5143573748026335 | 9:27649004:Left ventricular ST changes (finding):0.5043573748026335 | 10:24058001:Echocardiography for determining posterior left ventricular wall thickness (procedure):0.4963573748026336
t1_row_01,action,Procedure,Preferences,225773000,Preferences (qualifier value),225773000,Preferences (qualifier value),1,1,rescue_override,,,,,,1,1:225773000:Preferences (qualifier value):1.0,1:225773000:Preferences (qualifier value):1.0
t1_row_01,action,Procedure,Likely outcome,410596003,Likely outcome (qualifier value),410596003,Likely outcome (qualifier value),1,1,,,,,,,1,1:410596003:Likely outcome (qualifier value):1.0,"1:410596003:Likely outcome (qualifier value):1.0 | 2:20481000:Determination of prognosis (procedure):0.5770807453416149 | 3:67407003:Determination of outcome (procedure):0.5770807453416149 | 4:81611004:Retrospective audit (procedure):0.5770807453416149 | 5:302080006:Finding of birth outcome (finding):0.5670807453416149 | 6:364738009:Finding of outcome of delivery (finding):0.5670807453416149 | 7:38520008:Determination of outcome, satisfactory to patient (finding):0.5570807453416149 | 8:59971000:Determination of outcome, unsatisfactory to patient (finding):0.5570807453416149 | 9:370970008:Determination of outcome, unsuccessful (finding):0.5570807453416149 | 10:405656000:Adverse anesthesia outcome (finding):0.5570807453416149"
t0_row_01,condition,ClinicalCondition,Coronary artery disease,53741008,Coronary arteriosclerosis (disorder),53741008,Coronary arteriosclerosis (disorder),1,1,,,,,,,1,1:53741008:Coronary arteriosclerosis (disorder):1.0,1:53741008:Coronary arteriosclerosis (disorder):1.0 | 2:41702007:Coronary atherosclerosis (disorder):1.0 | 3:1348269001:Coronary Artery Disease Reporting and Data System (assessment scale):1.0 | 4:155111000146108:Coronary Artery Disease Reporting and Data System score (observable entity):1.0 | 5:1351342004:Assessment using Coronary Artery Disease Reporting and Data System (procedure):1.0 | 6:8957000:Coronary artery disease (disorder):1.0 | 7:371804009:Left main coronary artery disease (disorder):1.0 | 8:194841001:Coronary (atherosclerosis or artery disease) or triple vessel disease of the heart (disorder):1.0 | 9:371803003:Multi vessel coronary artery disease (disorder):1.0 | 10:373144005:Single vessel coronary artery disease (disorder):1.0
t0_row_01,condition,ClinicalCondition,Peripheral arterial disease,840580004,Peripheral arterial disease (disorder),840580004,Peripheral arterial disease (disorder),1,2,,,,,,,2,1:91523003:Peripheral vascular disease (disorder):1.0 | 2:840580004:Peripheral arterial disease (disorder):1.0,1:91523003:Peripheral vascular disease (disorder):1.0 | 2:840580004:Peripheral arterial disease (disorder):1.0 | 3:15336001:Cold extremities (finding):0.5661797752808989 | 4:4249000:Poor peripheral circulation (disorder):0.5661797752808989 | 5:25416002:Peripheral neuralgia (finding):0.5661797752808989 | 6:144008:Normal peripheral vision (finding):0.5561797752808989 | 7:17099003:Peripheral muscle fatigue (finding):0.5561797752808989 | 8:17787002:Peripheral neuritis in pregnancy (disorder):0.5561797752808989 | 9:19900004:Decreased peripheral vision (finding):0.5561797752808989 | 10:20696009:Peripheral venous insufficiency (disorder):0.5561797752808989
t0_row_01,condition,ClinicalCondition,Finding of increased risk level,1255670000,Finding of increased risk level (finding),1255670000,Finding of increased risk level (finding),1,1,,,,,,,1,1:1255670000:Finding of increased risk level (finding):1.0,1:1255670000:Finding of increased risk level (finding):1.0 | 2:45704003:At increased risk for noncompliance (finding):0.8455843024229515 | 3:42427004:At increased risk for suffocation (finding):0.8022448979591834 | 4:78648007:At increased risk for infection (finding):0.8022448979591834 | 5:39623008:At increased risk for poisoning injury (finding):0.7922448979591834 | 6:8317005:At increased risk for deficient parenting (finding):0.7922448979591834 | 7:38369006:At increased risk for cognitive impairment (finding):0.7922448979591834 | 8:70693003:At increased risk for impaired skin integrity (finding):0.7922448979591834 | 9:50048006:At increased risk for deficient fluid volume (finding):0.7872448979591834 | 10:41775005:At increased risk for impaired home maintenance management (finding):0.7872448979591834
t0_row_01,condition,ClinicalCondition,Myocardial ischemia,414795007,Myocardial ischemia (disorder),32598000,Acute ischemic heart disease (disorder),0,4,,,,,,,4,1:32598000:Acute ischemic heart disease (disorder):1.0 | 2:41702007:Coronary atherosclerosis (disorder):1.0 | 3:84537008:Chronic ischemic heart disease (disorder):1.0 | 4:414795007:Myocardial ischemia (disorder):1.0,1:32598000:Acute ischemic heart disease (disorder):1.0 | 2:41702007:Coronary atherosclerosis (disorder):1.0 | 3:84537008:Chronic ischemic heart disease (disorder):1.0 | 4:414795007:Myocardial ischemia (disorder):1.0 | 5:413844008:Chronic myocardial ischemia (disorder):1.0 | 6:233822007:Myocardial ischaemia (disorder):1.0 | 7:142024004:ECG: myocardial ischaemia NOS (finding):1.0 | 8:142022000:ECG: no myocardial ischaemia (finding):1.0 | 9:142021007:ECG: myocardial ischaemia (finding):1.0 | 10:194852007:Chronic myocardial ischaemia (disorder):1.0
t0_row_01,action,Medication,Rivaroxaban,442031002,Rivaroxaban (substance),442031002,Rivaroxaban (substance),1,1,,,,,,,1,1:442031002:Rivaroxaban (substance):1.0,1:442031002:Rivaroxaban (substance):1.0 | 2:1335906002:Rivaroxaban therapy (procedure):1.0 | 3:704472001:Product containing precisely rivaroxaban 10 milligram/1 each conventional release oral tablet (clinical drug):1.0 | 4:704473006:Product containing precisely rivaroxaban 15 milligram/1 each conventional release oral tablet (clinical drug):1.0 | 5:704474000:Product containing precisely rivaroxaban 20 milligram/1 each conventional release oral tablet (clinical drug):1.0 | 6:704475004:Product containing precisely rivaroxaban 2.5 milligram/1 each conventional release oral tablet (clinical drug):1.0 | 7:777455008:Product containing only rivaroxaban (medicinal product):1.0 | 8:768150008:Product containing rivaroxaban in oral dose form (medicinal product form):1.0 | 9:442539005:Product containing rivaroxaban (medicinal product):1.0 | 10:780387003:Product containing only rivaroxaban in oral dose form (medicinal product form):1.0
t0_row_01,action,Medication,Aspirin,387458008,Aspirin (substance),387458008,Aspirin (substance),1,1,,,,,,,1,1:387458008:Aspirin (substance):1.0,1:387458008:Aspirin (substance):1.0 | 2:717854002:Aspirin therapy (procedure):1.0 | 3:99875004:ASPIRIN 60 GRAIN (product):1.0 | 4:99877007:ASPIRIN BOLUSES (product):1.0 | 5:99878002:ASPIRIN TABLETS PRODUCT (product):1.0 | 6:134394002:Aspirin not indicated (situation):1.0 | 7:135800003:Aspirin indicated (situation):1.0 | 8:151190005:Over the counter aspirin therapy (procedure):1.0 | 9:151215005:Salicylate prophylaxis &/or aspirin IHD (procedure):1.0 | 10:182909007:Over the counter aspirin therapy (procedure):1.0
t0_row_02,condition,ClinicalCondition,Myocardial infarction,22298006,Myocardial infarction (disorder),22298006,Myocardial infarction (disorder),1,1,rescue_override,,,,,,1,1:22298006:Myocardial infarction (disorder):1.0,1:22298006:Myocardial infarction (disorder):1.0
t0_row_02,condition,Medication,Drug therapy with explicit context,1290126002,Drug therapy with explicit context (situation),1290126002,Drug therapy with explicit context (situation),1,1,rescue_override,,,,,,1,1:1290126002:Drug therapy with explicit context (situation):1.0,1:1290126002:Drug therapy with explicit context (situation):1.0
t0_row_02,action,Medication,Clopidogrel,386952008,Clopidogrel (substance),734972007,Clopidogrel besilate (substance),0,4,,,,,,,4,1:734972007:Clopidogrel besilate (substance):1.0 | 2:775314005:Product containing only clopidogrel (medicinal product):1.0 | 3:778817005:Product containing only clopidogrel in oral dose form (medicinal product form):1.0 | 4:386952008:Clopidogrel (substance):1.0,1:734972007:Clopidogrel besilate (substance):1.0 | 2:775314005:Product containing only clopidogrel (medicinal product):1.0 | 3:778817005:Product containing only clopidogrel in oral dose form (medicinal product form):1.0 | 4:386952008:Clopidogrel (substance):1.0 | 5:407571005:Clopidogrel not indicated (situation):1.0 | 6:407582002:Clopidogrel contraindicated (situation):1.0 | 7:407583007:Clopidogrel declined (situation):1.0 | 8:734471009:Clopidogrel hydrochloride (substance):1.0 | 9:714142006:Product containing clopidogrel in oral dose form (medicinal product form):1.0 | 10:1137312001:Product containing precisely clopidogrel (as clopidogrel hydrochloride) 75 milligram/1 each conventional release oral tablet (clinical drug):1.0
t0_row_02,action,Medication,Aspirin,387458008,Aspirin (substance),387458008,Aspirin (substance),1,1,,,,,,,1,1:387458008:Aspirin (substance):1.0,1:387458008:Aspirin (substance):1.0 | 2:717854002:Aspirin therapy (procedure):1.0 | 3:99875004:ASPIRIN 60 GRAIN (product):1.0 | 4:99877007:ASPIRIN BOLUSES (product):1.0 | 5:99878002:ASPIRIN TABLETS PRODUCT (product):1.0 | 6:134394002:Aspirin not indicated (situation):1.0 | 7:135800003:Aspirin indicated (situation):1.0 | 8:151190005:Over the counter aspirin therapy (procedure):1.0 | 9:151215005:Salicylate prophylaxis &/or aspirin IHD (procedure):1.0 | 10:182909007:Over the counter aspirin therapy (procedure):1.0
t0_row_03,condition,ClinicalCondition,Myocardial infarction,22298006,Myocardial infarction (disorder),22298006,Myocardial infarction (disorder),1,1,rescue_override,,,,,,1,1:22298006:Myocardial infarction (disorder):1.0,1:22298006:Myocardial infarction (disorder):1.0
t0_row_03,condition,Procedure,Percutaneous coronary revascularization,415070008,Percutaneous transluminal coronary intervention using imaging guidance with contrast (procedure),415070008,Percutaneous transluminal coronary intervention using imaging guidance with contrast (procedure),1,1,rescue_override,,,,,,1,1:415070008:Percutaneous transluminal coronary intervention using imaging guidance with contrast (procedure):1.0,1:415070008:Percutaneous transluminal coronary intervention using imaging guidance with contrast (procedure):1.0
t0_row_03,condition,Medication,Drug therapy with explicit context,1290126002,Drug therapy with explicit context (situation),1290126002,Drug therapy with explicit context (situation),1,1,rescue_override,,,,,,1,1:1290126002:Drug therapy with explicit context (situation):1.0,1:1290126002:Drug therapy with explicit context (situation):1.0
t0_row_03,action,Medication,Prasugrel,443129001,Prasugrel (substance),1149423007,Prasugrel besilate (substance),0,2,,,,,,,2,1:1149423007:Prasugrel besilate (substance):1.0 | 2:443129001:Prasugrel (substance):1.0,1:1149423007:Prasugrel besilate (substance):1.0 | 2:443129001:Prasugrel (substance):1.0 | 3:443088009:Product containing precisely prasugrel 5 milligram/1 each conventional release oral tablet (clinical drug):1.0 | 4:443469008:Product containing precisely prasugrel 10 milligram/1 each conventional release oral tablet (clinical drug):1.0 | 5:783368008:Product containing precisely prasugrel (as prasugrel hydrochloride) 10 milligram/1 each conventional release oral tablet (clinical drug):1.0 | 6:1149422002:Product containing precisely prasugrel (as prasugrel besilate) 10 milligram/1 each conventional release oral tablet (clinical drug):1.0 | 7:1217508004:Prasugrel hydrobromide (substance):1.0 | 8:735166002:Prasugrel hydrochloride (substance):1.0 | 9:780274006:Product containing only prasugrel in oral dose form (medicinal product form):1.0 | 10:443312008:Product containing prasugrel (medicinal product):1.0
t0_row_03,action,Medication,Aspirin,387458008,Aspirin (substance),387458008,Aspirin (substance),1,1,,,,,,,1,1:387458008:Aspirin (substance):1.0,1:387458008:Aspirin (substance):1.0 | 2:717854002:Aspirin therapy (procedure):1.0 | 3:99875004:ASPIRIN 60 GRAIN (product):1.0 | 4:99877007:ASPIRIN BOLUSES (product):1.0 | 5:99878002:ASPIRIN TABLETS PRODUCT (product):1.0 | 6:134394002:Aspirin not indicated (situation):1.0 | 7:135800003:Aspirin indicated (situation):1.0 | 8:151190005:Over the counter aspirin therapy (procedure):1.0 | 9:151215005:Salicylate prophylaxis &/or aspirin IHD (procedure):1.0 | 10:182909007:Over the counter aspirin therapy (procedure):1.0
t0_row_04,condition,ClinicalCondition,Chronic ischemic heart disease,413838009,Chronic ischemic heart disease (disorder),413838009,Chronic ischemic heart disease (disorder),1,2,,,,,,,2,1:84537008:Chronic ischemic heart disease (disorder):1.0 | 2:413838009:Chronic ischemic heart disease (disorder):1.0,1:84537008:Chronic ischemic heart disease (disorder):1.0 | 2:413838009:Chronic ischemic heart disease (disorder):1.0 | 3:266290000:Heart disease: [arteriosclerotic] or [chronic ischaemic NOS] (disorder):1.0 | 4:155315001:Heart disease: [arteriosclerotic] or [chronic ischaemic NOS] (disorder):1.0 | 5:155318004:Chronic ischaemic heart disease NOS (disorder):1.0 | 6:266291001:Chronic ischemic heart disease NOS (disorder):1.0 | 7:194840000:Other chronic ischemic heart disease (disorder):1.0 | 8:194854008:Other chronic ischemic heart disease NOS (disorder):1.0 | 9:195544005:[X]Other forms of chronic ischemic heart disease (disorder):1.0 | 10:194851000:Other specified chronic ischemic heart disease (disorder):1.0
t0_row_04,condition,ClinicalCondition,Myocardial infarction,22298006,Myocardial infarction (disorder),22298006,Myocardial infarction (disorder),1,1,rescue_override,,,,,,1,1:22298006:Myocardial infarction (disorder):1.0,1:22298006:Myocardial infarction (disorder):1.0
t0_row_04,condition,Medication,Drug therapy with explicit context,1290126002,Drug therapy with explicit context (situation),1290126002,Drug therapy with explicit context (situation),1,1,rescue_override,,,,,,1,1:1290126002:Drug therapy with explicit context (situation):1.0,1:1290126002:Drug therapy with explicit context (situation):1.0
t0_row_04,action,Medication,Ticagrelor,698805004,Ticagrelor (substance),698805004,Ticagrelor (substance),1,1,,,,,,,1,1:698805004:Ticagrelor (substance):1.0,1:698805004:Ticagrelor (substance):1.0 | 2:704465002:Product containing precisely ticagrelor 90 milligram/1 each conventional release oral tablet (clinical drug):1.0 | 3:777766002:Product containing only ticagrelor (medicinal product):1.0 | 4:768197009:Product containing ticagrelor in oral dose form (medicinal product form):1.0 | 5:1179440007:Product containing precisely ticagrelor 90 milligram/1 each conventional release orodispersible tablet (clinical drug):1.0 | 6:704464003:Product containing ticagrelor (medicinal product):1.0 | 7:780632009:Product containing only ticagrelor in oral dose form (medicinal product form):1.0 | 8:1179441006:Product containing ticagrelor in oromucosal dose form (medicinal product form):1.0 | 9:1179442004:Product containing only ticagrelor in oromucosal dose form (medicinal product form):1.0 | 10:1010542009:Product containing precisely ticagrelor 60 milligram/1 each conventional release oral tablet (clinical drug):1.0
t0_row_04,action,Medication,Aspirin,387458008,Aspirin (substance),387458008,Aspirin (substance),1,1,,,,,,,1,1:387458008:Aspirin (substance):1.0,1:387458008:Aspirin (substance):1.0 | 2:717854002:Aspirin therapy (procedure):1.0 | 3:99875004:ASPIRIN 60 GRAIN (product):1.0 | 4:99877007:ASPIRIN BOLUSES (product):1.0 | 5:99878002:ASPIRIN TABLETS PRODUCT (product):1.0 | 6:134394002:Aspirin not indicated (situation):1.0 | 7:135800003:Aspirin indicated (situation):1.0 | 8:151190005:Over the counter aspirin therapy (procedure):1.0 | 9:151215005:Salicylate prophylaxis &/or aspirin IHD (procedure):1.0 | 10:182909007:Over the counter aspirin therapy (procedure):1.0
t0_row_01,condition,ClinicalCondition,Chronic ischemic heart disease,413838009,Chronic ischemic heart disease (disorder),413838009,Chronic ischemic heart disease (disorder),1,2,,,,,,,2,1:84537008:Chronic ischemic heart disease (disorder):1.0 | 2:413838009:Chronic ischemic heart disease (disorder):1.0,1:84537008:Chronic ischemic heart disease (disorder):1.0 | 2:413838009:Chronic ischemic heart disease (disorder):1.0 | 3:266290000:Heart disease: [arteriosclerotic] or [chronic ischaemic NOS] (disorder):1.0 | 4:155315001:Heart disease: [arteriosclerotic] or [chronic ischaemic NOS] (disorder):1.0 | 5:155318004:Chronic ischaemic heart disease NOS (disorder):1.0 | 6:266291001:Chronic ischemic heart disease NOS (disorder):1.0 | 7:194840000:Other chronic ischemic heart disease (disorder):1.0 | 8:194854008:Other chronic ischemic heart disease NOS (disorder):1.0 | 9:195544005:[X]Other forms of chronic ischemic heart disease (disorder):1.0 | 10:194851000:Other specified chronic ischemic heart disease (disorder):1.0
t0_row_01,condition,ClinicalCondition,Old myocardial infarction,1755008,Old myocardial infarction (disorder),1755008,Old myocardial infarction (disorder),1,1,,,,,,,1,1:1755008:Old myocardial infarction (disorder):1.0,1:1755008:Old myocardial infarction (disorder):1.0 | 2:142027006:ECG: old myocardial infarction (finding):1.0 | 3:155306008:Old myocardial infarction (disorder):1.0 | 4:194827005:Myocardial infarction: [old] or [healed] or [personal history of] (disorder):1.0 | 5:164867002:Electrocardiographic old myocardial infarction (finding):1.0 | 6:22298006:Myocardial infarction (disorder):1.0 | 7:66514008:Coronary artery thrombosis (disorder):0.9607407407407408 | 8:66189004:Postmyocardial infarction syndrome (disorder):0.8681481481481482 | 9:142025003:ECG: myocardial infarction (finding):0.8681481481481482 | 10:142026002:ECG: no myocardial infarction (finding):0.8681481481481482
t0_row_01,action,Medication,Clopidogrel,386952008,Clopidogrel (substance),734972007,Clopidogrel besilate (substance),0,4,,,,,,,4,1:734972007:Clopidogrel besilate (substance):1.0 | 2:775314005:Product containing only clopidogrel (medicinal product):1.0 | 3:778817005:Product containing only clopidogrel in oral dose form (medicinal product form):1.0 | 4:386952008:Clopidogrel (substance):1.0,1:734972007:Clopidogrel besilate (substance):1.0 | 2:775314005:Product containing only clopidogrel (medicinal product):1.0 | 3:778817005:Product containing only clopidogrel in oral dose form (medicinal product form):1.0 | 4:386952008:Clopidogrel (substance):1.0 | 5:407571005:Clopidogrel not indicated (situation):1.0 | 6:407582002:Clopidogrel contraindicated (situation):1.0 | 7:407583007:Clopidogrel declined (situation):1.0 | 8:734471009:Clopidogrel hydrochloride (substance):1.0 | 9:714142006:Product containing clopidogrel in oral dose form (medicinal product form):1.0 | 10:1137312001:Product containing precisely clopidogrel (as clopidogrel hydrochloride) 75 milligram/1 each conventional release oral tablet (clinical drug):1.0
t0_row_02,condition,ClinicalCondition,Old myocardial infarction,1755008,Old myocardial infarction (disorder),1755008,Old myocardial infarction (disorder),1,1,,,,,,,1,1:1755008:Old myocardial infarction (disorder):1.0,1:1755008:Old myocardial infarction (disorder):1.0 | 2:142027006:ECG: old myocardial infarction (finding):1.0 | 3:155306008:Old myocardial infarction (disorder):1.0 | 4:194827005:Myocardial infarction: [old] or [healed] or [personal history of] (disorder):1.0 | 5:164867002:Electrocardiographic old myocardial infarction (finding):1.0 | 6:22298006:Myocardial infarction (disorder):1.0 | 7:66514008:Coronary artery thrombosis (disorder):0.9607407407407408 | 8:66189004:Postmyocardial infarction syndrome (disorder):0.8681481481481482 | 9:142025003:ECG: myocardial infarction (finding):0.8681481481481482 | 10:142026002:ECG: no myocardial infarction (finding):0.8681481481481482
t0_row_02,condition,Procedure,Repair of coronary artery,713689002,Repair of coronary artery (procedure),713689002,Repair of coronary artery (procedure),1,1,,,,,,,1,1:713689002:Repair of coronary artery (procedure):1.0,1:713689002:Repair of coronary artery (procedure):1.0 | 2:175080008:Repair of coronary artery NEC (procedure):1.0 | 3:175083005:Repair of coronary artery NOS (procedure):1.0 | 4:1871002:Repair of aneurysm of coronary artery (procedure):1.0 | 5:384681005:Patch repair of coronary artery (procedure):1.0 | 6:232734001:Patch repair of coronary artery (procedure):1.0 | 7:232736004:Open operation for coronary artery fistula (procedure):1.0 | 8:175082000:Other specified repair of coronary artery (procedure):1.0 | 9:261538006:Open intracoronary repair of coronary artery fistula (procedure):1.0 | 10:13963007:Repair of coronary arteriovenous chamber fistula (procedure):0.9591392221053442
t0_row_02,condition,ClinicalCondition,Coronary artery disease,53741008,Coronary arteriosclerosis (disorder),53741008,Coronary arteriosclerosis (disorder),1,1,,,,,,,1,1:53741008:Coronary arteriosclerosis (disorder):1.0,1:53741008:Coronary arteriosclerosis (disorder):1.0 | 2:41702007:Coronary atherosclerosis (disorder):1.0 | 3:1348269001:Coronary Artery Disease Reporting and Data System (assessment scale):1.0 | 4:155111000146108:Coronary Artery Disease Reporting and Data System score (observable entity):1.0 | 5:1351342004:Assessment using Coronary Artery Disease Reporting and Data System (procedure):1.0 | 6:8957000:Coronary artery disease (disorder):1.0 | 7:371804009:Left main coronary artery disease (disorder):1.0 | 8:194841001:Coronary (atherosclerosis or artery disease) or triple vessel disease of the heart (disorder):1.0 | 9:371803003:Multi vessel coronary artery disease (disorder):1.0 | 10:373144005:Single vessel coronary artery disease (disorder):1.0
t0_row_03,condition,ClinicalCondition,Acute coronary syndrome,394659003,Acute coronary syndrome (disorder),394659003,Acute coronary syndrome (disorder),1,2,,,,,,,2,1:32598000:Acute ischemic heart disease (disorder):1.0 | 2:394659003:Acute coronary syndrome (disorder):1.0,1:32598000:Acute ischemic heart disease (disorder):1.0 | 2:394659003:Acute coronary syndrome (disorder):1.0 | 3:393587009:Acute coronary syndrome (disorder):1.0 | 4:1287374007:Portuguese Registry of Acute Coronary Syndromes risk score (assessment scale):1.0 | 5:5820008:Acute ischemic enterocolitis (disorder):0.9839257294429709 | 6:8608001:Structure of right margin of heart (body structure):0.8674027004846423 | 7:364006:Acute left-sided heart failure (disorder):0.8329011634000628 | 8:8805001:Acute rheumatic heart disease (disorder):0.8329011634000628 | 9:10633002:Acute congestive heart failure (disorder):0.8229011634000628 | 10:41702007:Coronary atherosclerosis (disorder):0.7603612479474549
t0_row_03,condition,Medication,Ticagrelor,698805004,Ticagrelor (substance),698805004,Ticagrelor (substance),1,1,,,,,,,1,1:698805004:Ticagrelor (substance):1.0,1:698805004:Ticagrelor (substance):1.0 | 2:704465002:Product containing precisely ticagrelor 90 milligram/1 each conventional release oral tablet (clinical drug):1.0 | 3:777766002:Product containing only ticagrelor (medicinal product):1.0 | 4:768197009:Product containing ticagrelor in oral dose form (medicinal product form):1.0 | 5:1179440007:Product containing precisely ticagrelor 90 milligram/1 each conventional release orodispersible tablet (clinical drug):1.0 | 6:704464003:Product containing ticagrelor (medicinal product):1.0 | 7:780632009:Product containing only ticagrelor in oral dose form (medicinal product form):1.0 | 8:1179441006:Product containing ticagrelor in oromucosal dose form (medicinal product form):1.0 | 9:1179442004:Product containing only ticagrelor in oromucosal dose form (medicinal product form):1.0 | 10:1010542009:Product containing precisely ticagrelor 60 milligram/1 each conventional release oral tablet (clinical drug):1.0
t0_row_03,condition,ClinicalCondition,Finding of increased risk level,1255670000,Finding of increased risk level (finding),1255670000,Finding of increased risk level (finding),1,1,,,,,,,1,1:1255670000:Finding of increased risk level (finding):1.0,1:1255670000:Finding of increased risk level (finding):1.0 | 2:45704003:At increased risk for noncompliance (finding):0.8455843024229515 | 3:42427004:At increased risk for suffocation (finding):0.8022448979591834 | 4:78648007:At increased risk for infection (finding):0.8022448979591834 | 5:39623008:At increased risk for poisoning injury (finding):0.7922448979591834 | 6:8317005:At increased risk for deficient parenting (finding):0.7922448979591834 | 7:38369006:At increased risk for cognitive impairment (finding):0.7922448979591834 | 8:70693003:At increased risk for impaired skin integrity (finding):0.7922448979591834 | 9:50048006:At increased risk for deficient fluid volume (finding):0.7872448979591834 | 10:41775005:At increased risk for impaired home maintenance management (finding):0.7872448979591834
t0_row_03,condition,ClinicalCondition,Myocardial ischemia,414795007,Myocardial ischemia (disorder),32598000,Acute ischemic heart disease (disorder),0,4,,,,,,,4,1:32598000:Acute ischemic heart disease (disorder):1.0 | 2:41702007:Coronary atherosclerosis (disorder):1.0 | 3:84537008:Chronic ischemic heart disease (disorder):1.0 | 4:414795007:Myocardial ischemia (disorder):1.0,1:32598000:Acute ischemic heart disease (disorder):1.0 | 2:41702007:Coronary atherosclerosis (disorder):1.0 | 3:84537008:Chronic ischemic heart disease (disorder):1.0 | 4:414795007:Myocardial ischemia (disorder):1.0 | 5:413844008:Chronic myocardial ischemia (disorder):1.0 | 6:233822007:Myocardial ischaemia (disorder):1.0 | 7:142024004:ECG: myocardial ischaemia NOS (finding):1.0 | 8:142022000:ECG: no myocardial ischaemia (finding):1.0 | 9:142021007:ECG: myocardial ischaemia (finding):1.0 | 10:194852007:Chronic myocardial ischaemia (disorder):1.0
t0_row_03,condition,ClinicalCondition,At high risk for bleeding,711536002,At high risk for bleeding (finding),711536002,At high risk for bleeding (finding),1,1,,,,,,,1,1:711536002:At high risk for bleeding (finding):1.0,1:711536002:At high risk for bleeding (finding):1.0 | 2:15508007:High risk of (contextual qualifier) (qualifier value):0.7049382716049383 | 3:102947004:High risk sexual behavior (finding):0.5376543209876543 | 4:47200007:High risk pregnancy (finding):0.5376543209876543 | 5:123104003:High risk of (qualifier value):0.5276543209876543 | 6:138911008:H/O: high risk medication (situation):0.4976543209876543 | 7:138919005:H/O: high risk medication NOS (situation):0.4976543209876543 | 8:23154005:Diastolic arterial pressure above reference range (finding):0.36839506172839503 | 9:18050000:Systolic arterial pressure above reference range (finding):0.36839506172839503 | 10:3947004:High oxygen affinity hemoglobin polycythemia (disorder):0.36839506172839503
t0_row_03,action,Medication,Ticagrelor,698805004,Ticagrelor (substance),698805004,Ticagrelor (substance),1,1,,,,,,,1,1:698805004:Ticagrelor (substance):1.0,1:698805004:Ticagrelor (substance):1.0 | 2:704465002:Product containing precisely ticagrelor 90 milligram/1 each conventional release oral tablet (clinical drug):1.0 | 3:777766002:Product containing only ticagrelor (medicinal product):1.0 | 4:768197009:Product containing ticagrelor in oral dose form (medicinal product form):1.0 | 5:1179440007:Product containing precisely ticagrelor 90 milligram/1 each conventional release orodispersible tablet (clinical drug):1.0 | 6:704464003:Product containing ticagrelor (medicinal product):1.0 | 7:780632009:Product containing only ticagrelor in oral dose form (medicinal product form):1.0 | 8:1179441006:Product containing ticagrelor in oromucosal dose form (medicinal product form):1.0 | 9:1179442004:Product containing only ticagrelor in oromucosal dose form (medicinal product form):1.0 | 10:1010542009:Product containing precisely ticagrelor 60 milligram/1 each conventional release oral tablet (clinical drug):1.0
t1_row_01,condition,ClinicalCondition,Use of anticoagulation,260678004,Use of anticoagulation (attribute),260678004,Use of anticoagulation (attribute),1,1,rescue_override,,,,,,1,1:260678004:Use of anticoagulation (attribute):1.0,1:260678004:Use of anticoagulation (attribute):1.0
t1_row_01,condition,ClinicalCondition,Indication of,230165009,Indication of (contextual qualifier) (qualifier value),230165009,Indication of (contextual qualifier) (qualifier value),1,1,rescue_override,,,,,,1,1:230165009:Indication of (contextual qualifier) (qualifier value):1.0,1:230165009:Indication of (contextual qualifier) (qualifier value):1.0
t1_row_01,condition,Procedure,Percutaneous coronary revascularization,415070008,Percutaneous transluminal coronary intervention using imaging guidance with contrast (procedure),415070008,Percutaneous transluminal coronary intervention using imaging guidance with contrast (procedure),1,1,rescue_override,,,,,,1,1:415070008:Percutaneous transluminal coronary intervention using imaging guidance with contrast (procedure):1.0,1:415070008:Percutaneous transluminal coronary intervention using imaging guidance with contrast (procedure):1.0
t1_row_01,condition,ClinicalCondition,Finding of increased risk level,1255670000,Finding of increased risk level (finding),1255670000,Finding of increased risk level (finding),1,1,,,,,,,1,1:1255670000:Finding of increased risk level (finding):1.0,1:1255670000:Finding of increased risk level (finding):1.0 | 2:45704003:At increased risk for noncompliance (finding):0.8455843024229515 | 3:42427004:At increased risk for suffocation (finding):0.8022448979591834 | 4:78648007:At increased risk for infection (finding):0.8022448979591834 | 5:39623008:At increased risk for poisoning injury (finding):0.7922448979591834 | 6:8317005:At increased risk for deficient parenting (finding):0.7922448979591834 | 7:38369006:At increased risk for cognitive impairment (finding):0.7922448979591834 | 8:70693003:At increased risk for impaired skin integrity (finding):0.7922448979591834 | 9:50048006:At increased risk for deficient fluid volume (finding):0.7872448979591834 | 10:41775005:At increased risk for impaired home maintenance management (finding):0.7872448979591834
t1_row_01,condition,ClinicalCondition,Myocardial ischemia,414795007,Myocardial ischemia (disorder),32598000,Acute ischemic heart disease (disorder),0,4,,,,,,,4,1:32598000:Acute ischemic heart disease (disorder):1.0 | 2:41702007:Coronary atherosclerosis (disorder):1.0 | 3:84537008:Chronic ischemic heart disease (disorder):1.0 | 4:414795007:Myocardial ischemia (disorder):1.0,1:32598000:Acute ischemic heart disease (disorder):1.0 | 2:41702007:Coronary atherosclerosis (disorder):1.0 | 3:84537008:Chronic ischemic heart disease (disorder):1.0 | 4:414795007:Myocardial ischemia (disorder):1.0 | 5:413844008:Chronic myocardial ischemia (disorder):1.0 | 6:233822007:Myocardial ischaemia (disorder):1.0 | 7:142024004:ECG: myocardial ischaemia NOS (finding):1.0 | 8:142022000:ECG: no myocardial ischaemia (finding):1.0 | 9:142021007:ECG: myocardial ischaemia (finding):1.0 | 10:194852007:Chronic myocardial ischaemia (disorder):1.0
t1_row_01,condition,ClinicalCondition,At high risk for bleeding,711536002,At high risk for bleeding (finding),711536002,At high risk for bleeding (finding),1,1,,,,,,,1,1:711536002:At high risk for bleeding (finding):1.0,1:711536002:At high risk for bleeding (finding):1.0 | 2:15508007:High risk of (contextual qualifier) (qualifier value):0.7049382716049383 | 3:102947004:High risk sexual behavior (finding):0.5376543209876543 | 4:47200007:High risk pregnancy (finding):0.5376543209876543 | 5:123104003:High risk of (qualifier value):0.5276543209876543 | 6:138911008:H/O: high risk medication (situation):0.4976543209876543 | 7:138919005:H/O: high risk medication NOS (situation):0.4976543209876543 | 8:23154005:Diastolic arterial pressure above reference range (finding):0.36839506172839503 | 9:18050000:Systolic arterial pressure above reference range (finding):0.36839506172839503 | 10:3947004:High oxygen affinity hemoglobin polycythemia (disorder):0.36839506172839503
t1_row_01,action,Medication,Drug therapy with explicit context,1290126002,Drug therapy with explicit context (situation),1290126002,Drug therapy with explicit context (situation),1,1,rescue_override,,,,,,1,1:1290126002:Drug therapy with explicit context (situation):1.0,1:1290126002:Drug therapy with explicit context (situation):1.0
t1_row_01,action,Medication,Platelet aggregation inhibitor therapy,840595002,Platelet aggregation inhibitor therapy (procedure),840595002,Platelet aggregation inhibitor therapy (procedure),1,1,,,,,,,1,1:840595002:Platelet aggregation inhibitor therapy (procedure):1.0,1:840595002:Platelet aggregation inhibitor therapy (procedure):1.0 | 2:840597005:Long term dual platelet aggregation inhibitor therapy indicated (situation):1.0 | 3:11281000175101:Platelet aggregation inhibitor therapy declined (situation):1.0 | 4:840596001:History of platelet aggregation inhibitor therapy (situation):1.0 | 5:840598000:Platelet aggregation inhibitor therapy contraindicated (situation):1.0 | 6:8991000175100:Platelet aggregation inhibitor therapy contraindication (observable entity):1.0 | 7:771452004:Substance with platelet aggregation inhibitor mechanism of action (substance):1.0 | 8:771451006:Platelet aggregation inhibitor (disposition):1.0 | 9:840590007:Administration of prophylactic platelet aggregation inhibitor (procedure):1.0 | 10:773388004:Product containing platelet aggregation inhibitor (product):1.0
t1_row_02,condition,ClinicalCondition,Chronic ischemic heart disease,413838009,Chronic ischemic heart disease (disorder),413838009,Chronic ischemic heart disease (disorder),1,2,,,,,,,2,1:84537008:Chronic ischemic heart disease (disorder):1.0 | 2:413838009:Chronic ischemic heart disease (disorder):1.0,1:84537008:Chronic ischemic heart disease (disorder):1.0 | 2:413838009:Chronic ischemic heart disease (disorder):1.0 | 3:266290000:Heart disease: [arteriosclerotic] or [chronic ischaemic NOS] (disorder):1.0 | 4:155315001:Heart disease: [arteriosclerotic] or [chronic ischaemic NOS] (disorder):1.0 | 5:155318004:Chronic ischaemic heart disease NOS (disorder):1.0 | 6:266291001:Chronic ischemic heart disease NOS (disorder):1.0 | 7:194840000:Other chronic ischemic heart disease (disorder):1.0 | 8:194854008:Other chronic ischemic heart disease NOS (disorder):1.0 | 9:195544005:[X]Other forms of chronic ischemic heart disease (disorder):1.0 | 10:194851000:Other specified chronic ischemic heart disease (disorder):1.0
t1_row_02,condition,ClinicalCondition,Use of anticoagulation,260678004,Use of anticoagulation (attribute),260678004,Use of anticoagulation (attribute),1,1,rescue_override,,,,,,1,1:260678004:Use of anticoagulation (attribute):1.0,1:260678004:Use of anticoagulation (attribute):1.0
t1_row_02,condition,ClinicalCondition,Indication of,230165009,Indication of (contextual qualifier) (qualifier value),230165009,Indication of (contextual qualifier) (qualifier value),1,1,rescue_override,,,,,,1,1:230165009:Indication of (contextual qualifier) (qualifier value):1.0,1:230165009:Indication of (contextual qualifier) (qualifier value):1.0
t1_row_02,condition,Procedure,Finding of increased risk level,1255670000,Finding of increased risk level (finding),1255670000,Finding of increased risk level (finding),1,1,,,,,,,1,1:1255670000:Finding of increased risk level (finding):1.0,1:1255670000:Finding of increased risk level (finding):1.0 | 2:45704003:At increased risk for noncompliance (finding):0.8355843024229515 | 3:42427004:At increased risk for suffocation (finding):0.7922448979591834 | 4:78648007:At increased risk for infection (finding):0.7922448979591834 | 5:39623008:At increased risk for poisoning injury (finding):0.7822448979591834 | 6:8317005:At increased risk for deficient parenting (finding):0.7822448979591834 | 7:38369006:At increased risk for cognitive impairment (finding):0.7822448979591834 | 8:70693003:At increased risk for impaired skin integrity (finding):0.7822448979591834 | 9:50048006:At increased risk for deficient fluid volume (finding):0.7772448979591834 | 10:41775005:At increased risk for impaired home maintenance management (finding):0.7772448979591834
t1_row_02,condition,Procedure,Placement of stent in coronary artery,36969009,Placement of stent in coronary artery (procedure),36969009,Placement of stent in coronary artery (procedure),1,1,,,,,,,1,1:36969009:Placement of stent in coronary artery (procedure):1.0,"1:36969009:Placement of stent in coronary artery (procedure):1.0 | 2:726011000:Placement of stent in coronary artery bypass graft (procedure):1.0 | 3:130541000119100:History of placement of stent in coronary artery bypass graft (situation):1.0 | 4:103716009:Placement of stent (procedure):0.9146341463414633 | 5:38544005:Placement of choledochal stent (procedure):0.8946341463414633 | 6:29952004:Percutaneous placement of gastrostomy tube (procedure):0.4629268292682927 | 7:29967000:Echography, scan B-mode for placement of radiation fields (procedure):0.4579268292682927 | 8:12749000:Radiologic guidance for percutaneous placement of enteroclysis tube (procedure):0.4549268292682927 | 9:33250001:Upper gastrointestinal endoscopy for directed placement of percutaneous gastrostomy tube (procedure):0.45149825783972125 | 10:103717000:Manipulation of stent (procedure):0.3017073170731707"
t1_row_02,action,Medication,Prasugrel,443129001,Prasugrel (substance),1149423007,Prasugrel besilate (substance),0,2,,,,,,,2,1:1149423007:Prasugrel besilate (substance):1.0 | 2:443129001:Prasugrel (substance):1.0,1:1149423007:Prasugrel besilate (substance):1.0 | 2:443129001:Prasugrel (substance):1.0 | 3:443088009:Product containing precisely prasugrel 5 milligram/1 each conventional release oral tablet (clinical drug):1.0 | 4:443469008:Product containing precisely prasugrel 10 milligram/1 each conventional release oral tablet (clinical drug):1.0 | 5:783368008:Product containing precisely prasugrel (as prasugrel hydrochloride) 10 milligram/1 each conventional release oral tablet (clinical drug):1.0 | 6:1149422002:Product containing precisely prasugrel (as prasugrel besilate) 10 milligram/1 each conventional release oral tablet (clinical drug):1.0 | 7:1217508004:Prasugrel hydrobromide (substance):1.0 | 8:735166002:Prasugrel hydrochloride (substance):1.0 | 9:780274006:Product containing only prasugrel in oral dose form (medicinal product form):1.0 | 10:443312008:Product containing prasugrel (medicinal product):1.0
t1_row_02,action,Medication,Ticagrelor,698805004,Ticagrelor (substance),698805004,Ticagrelor (substance),1,1,,,,,,,1,1:698805004:Ticagrelor (substance):1.0,1:698805004:Ticagrelor (substance):1.0 | 2:704465002:Product containing precisely ticagrelor 90 milligram/1 each conventional release oral tablet (clinical drug):1.0 | 3:777766002:Product containing only ticagrelor (medicinal product):1.0 | 4:768197009:Product containing ticagrelor in oral dose form (medicinal product form):1.0 | 5:1179440007:Product containing precisely ticagrelor 90 milligram/1 each conventional release orodispersible tablet (clinical drug):1.0 | 6:704464003:Product containing ticagrelor (medicinal product):1.0 | 7:780632009:Product containing only ticagrelor in oral dose form (medicinal product form):1.0 | 8:1179441006:Product containing ticagrelor in oromucosal dose form (medicinal product form):1.0 | 9:1179442004:Product containing only ticagrelor in oromucosal dose form (medicinal product form):1.0 | 10:1010542009:Product containing precisely ticagrelor 60 milligram/1 each conventional release oral tablet (clinical drug):1.0
t1_row_03,condition,ClinicalCondition,Chronic ischemic heart disease,413838009,Chronic ischemic heart disease (disorder),413838009,Chronic ischemic heart disease (disorder),1,2,,,,,,,2,1:84537008:Chronic ischemic heart disease (disorder):1.0 | 2:413838009:Chronic ischemic heart disease (disorder):1.0,1:84537008:Chronic ischemic heart disease (disorder):1.0 | 2:413838009:Chronic ischemic heart disease (disorder):1.0 | 3:266290000:Heart disease: [arteriosclerotic] or [chronic ischaemic NOS] (disorder):1.0 | 4:155315001:Heart disease: [arteriosclerotic] or [chronic ischaemic NOS] (disorder):1.0 | 5:155318004:Chronic ischaemic heart disease NOS (disorder):1.0 | 6:266291001:Chronic ischemic heart disease NOS (disorder):1.0 | 7:194840000:Other chronic ischemic heart disease (disorder):1.0 | 8:194854008:Other chronic ischemic heart disease NOS (disorder):1.0 | 9:195544005:[X]Other forms of chronic ischemic heart disease (disorder):1.0 | 10:194851000:Other specified chronic ischemic heart disease (disorder):1.0
t1_row_03,condition,ClinicalCondition,Use of anticoagulation,260678004,Use of anticoagulation (attribute),260678004,Use of anticoagulation (attribute),1,1,rescue_override,,,,,,1,1:260678004:Use of anticoagulation (attribute):1.0,1:260678004:Use of anticoagulation (attribute):1.0
t1_row_03,condition,ClinicalCondition,Indication of,230165009,Indication of (contextual qualifier) (qualifier value),230165009,Indication of (contextual qualifier) (qualifier value),1,1,rescue_override,,,,,,1,1:230165009:Indication of (contextual qualifier) (qualifier value):1.0,1:230165009:Indication of (contextual qualifier) (qualifier value):1.0
t1_row_03,condition,Procedure,Percutaneous coronary revascularization,415070008,Percutaneous transluminal coronary intervention using imaging guidance with contrast (procedure),415070008,Percutaneous transluminal coronary intervention using imaging guidance with contrast (procedure),1,1,rescue_override,,,,,,1,1:415070008:Percutaneous transluminal coronary intervention using imaging guidance with contrast (procedure):1.0,1:415070008:Percutaneous transluminal coronary intervention using imaging guidance with contrast (procedure):1.0
t1_row_03,action,Medication,Aspirin,387458008,Aspirin (substance),387458008,Aspirin (substance),1,1,,,,,,,1,1:387458008:Aspirin (substance):1.0,1:387458008:Aspirin (substance):1.0 | 2:717854002:Aspirin therapy (procedure):1.0 | 3:99875004:ASPIRIN 60 GRAIN (product):1.0 | 4:99877007:ASPIRIN BOLUSES (product):1.0 | 5:99878002:ASPIRIN TABLETS PRODUCT (product):1.0 | 6:134394002:Aspirin not indicated (situation):1.0 | 7:135800003:Aspirin indicated (situation):1.0 | 8:151190005:Over the counter aspirin therapy (procedure):1.0 | 9:151215005:Salicylate prophylaxis &/or aspirin IHD (procedure):1.0 | 10:182909007:Over the counter aspirin therapy (procedure):1.0
t1_row_04,condition,ClinicalCondition,Chronic ischemic heart disease,413838009,Chronic ischemic heart disease (disorder),413838009,Chronic ischemic heart disease (disorder),1,2,,,,,,,2,1:84537008:Chronic ischemic heart disease (disorder):1.0 | 2:413838009:Chronic ischemic heart disease (disorder):1.0,1:84537008:Chronic ischemic heart disease (disorder):1.0 | 2:413838009:Chronic ischemic heart disease (disorder):1.0 | 3:266290000:Heart disease: [arteriosclerotic] or [chronic ischaemic NOS] (disorder):1.0 | 4:155315001:Heart disease: [arteriosclerotic] or [chronic ischaemic NOS] (disorder):1.0 | 5:155318004:Chronic ischaemic heart disease NOS (disorder):1.0 | 6:266291001:Chronic ischemic heart disease NOS (disorder):1.0 | 7:194840000:Other chronic ischemic heart disease (disorder):1.0 | 8:194854008:Other chronic ischemic heart disease NOS (disorder):1.0 | 9:195544005:[X]Other forms of chronic ischemic heart disease (disorder):1.0 | 10:194851000:Other specified chronic ischemic heart disease (disorder):1.0
t1_row_04,condition,ClinicalCondition,Use of anticoagulation,260678004,Use of anticoagulation (attribute),260678004,Use of anticoagulation (attribute),1,1,rescue_override,,,,,,1,1:260678004:Use of anticoagulation (attribute):1.0,1:260678004:Use of anticoagulation (attribute):1.0
t1_row_04,condition,ClinicalCondition,Indication of,230165009,Indication of (contextual qualifier) (qualifier value),230165009,Indication of (contextual qualifier) (qualifier value),1,1,rescue_override,,,,,,1,1:230165009:Indication of (contextual qualifier) (qualifier value):1.0,1:230165009:Indication of (contextual qualifier) (qualifier value):1.0
t1_row_04,condition,Procedure,Percutaneous coronary revascularization,415070008,Percutaneous transluminal coronary intervention using imaging guidance with contrast (procedure),415070008,Percutaneous transluminal coronary intervention using imaging guidance with contrast (procedure),1,1,rescue_override,,,,,,1,1:415070008:Percutaneous transluminal coronary intervention using imaging guidance with contrast (procedure):1.0,1:415070008:Percutaneous transluminal coronary intervention using imaging guidance with contrast (procedure):1.0
t1_row_04,action,Medication,Aspirin,387458008,Aspirin (substance),387458008,Aspirin (substance),1,1,,,,,,,1,1:387458008:Aspirin (substance):1.0,1:387458008:Aspirin (substance):1.0 | 2:717854002:Aspirin therapy (procedure):1.0 | 3:99875004:ASPIRIN 60 GRAIN (product):1.0 | 4:99877007:ASPIRIN BOLUSES (product):1.0 | 5:99878002:ASPIRIN TABLETS PRODUCT (product):1.0 | 6:134394002:Aspirin not indicated (situation):1.0 | 7:135800003:Aspirin indicated (situation):1.0 | 8:151190005:Over the counter aspirin therapy (procedure):1.0 | 9:151215005:Salicylate prophylaxis &/or aspirin IHD (procedure):1.0 | 10:182909007:Over the counter aspirin therapy (procedure):1.0
t1_row_04,action,Medication,Use of anticoagulation,260678004,Use of anticoagulation (attribute),260678004,Use of anticoagulation (attribute),1,1,,,,,,,1,1:260678004:Use of anticoagulation (attribute):1.0,1:260678004:Use of anticoagulation (attribute):1.0 | 2:865985007:Planned stop date for anticoagulation therapy (observable entity):0.6470588235294118 | 3:413559006:Anticoagulation declined (situation):0.6370588235294119 | 4:440678006:Seen in hospital anticoagulation clinic (finding):0.6370588235294118 | 5:467650001:Citrate anticoagulation solution (physical object):0.6370588235294118 | 6:439021005:Seen in community anticoagulation clinic (finding):0.6370588235294118 | 7:52659007:Vitamin K restricted diet during anticoagulation therapy (finding):0.6320588235294118 | 8:413558003:Anticoagulation contraindicated (situation):0.6270588235294119 | 9:413561002:Anticoagulation not tolerated (situation):0.6170588235294119 | 10:413560001:Anticoagulation not indicated (situation):0.6170588235294119
t1_row_04,action,Medication,Oral,738956005,Oral (intended site),738956005,Oral (intended site),1,1,,,,,,,1,1:738956005:Oral (intended site):1.0,1:738956005:Oral (intended site):1.0 | 2:5935008:Uses oral contraception (finding):1.0 | 3:836005:Structure of oral region of face (body structure):1.0 | 4:3382006:Structure of rima oris (body structure):1.0 | 5:4496006:Special care of mouth (regime/therapy):1.0 | 6:4259004:Oral lapine papillomatosis (disorder):1.0 | 7:6121001:Focal epithelial hyperplasia of mouth (disorder):1.0 | 8:6764002:AIDS with leukoplakia of oral mucosa (tongue) (disorder):1.0 | 9:7443007:Insertion of oropharyngeal airway (procedure):1.0 | 10:8090002:Eosinophilic granuloma of oral mucosa (disorder):1.0
t1_row_04,action,Medication,Clopidogrel,386952008,Clopidogrel (substance),734972007,Clopidogrel besilate (substance),0,4,,,,,,,4,1:734972007:Clopidogrel besilate (substance):1.0 | 2:775314005:Product containing only clopidogrel (medicinal product):1.0 | 3:778817005:Product containing only clopidogrel in oral dose form (medicinal product form):1.0 | 4:386952008:Clopidogrel (substance):1.0,1:734972007:Clopidogrel besilate (substance):1.0 | 2:775314005:Product containing only clopidogrel (medicinal product):1.0 | 3:778817005:Product containing only clopidogrel in oral dose form (medicinal product form):1.0 | 4:386952008:Clopidogrel (substance):1.0 | 5:407571005:Clopidogrel not indicated (situation):1.0 | 6:407582002:Clopidogrel contraindicated (situation):1.0 | 7:407583007:Clopidogrel declined (situation):1.0 | 8:734471009:Clopidogrel hydrochloride (substance):1.0 | 9:714142006:Product containing clopidogrel in oral dose form (medicinal product form):1.0 | 10:1137312001:Product containing precisely clopidogrel (as clopidogrel hydrochloride) 75 milligram/1 each conventional release oral tablet (clinical drug):1.0
t1_row_05,condition,ClinicalCondition,Chronic ischemic heart disease,413838009,Chronic ischemic heart disease (disorder),413838009,Chronic ischemic heart disease (disorder),1,2,,,,,,,2,1:84537008:Chronic ischemic heart disease (disorder):1.0 | 2:413838009:Chronic ischemic heart disease (disorder):1.0,1:84537008:Chronic ischemic heart disease (disorder):1.0 | 2:413838009:Chronic ischemic heart disease (disorder):1.0 | 3:266290000:Heart disease: [arteriosclerotic] or [chronic ischaemic NOS] (disorder):1.0 | 4:155315001:Heart disease: [arteriosclerotic] or [chronic ischaemic NOS] (disorder):1.0 | 5:155318004:Chronic ischaemic heart disease NOS (disorder):1.0 | 6:266291001:Chronic ischemic heart disease NOS (disorder):1.0 | 7:194840000:Other chronic ischemic heart disease (disorder):1.0 | 8:194854008:Other chronic ischemic heart disease NOS (disorder):1.0 | 9:195544005:[X]Other forms of chronic ischemic heart disease (disorder):1.0 | 10:194851000:Other specified chronic ischemic heart disease (disorder):1.0
t1_row_05,condition,ClinicalCondition,Use of anticoagulation,260678004,Use of anticoagulation (attribute),260678004,Use of anticoagulation (attribute),1,1,rescue_override,,,,,,1,1:260678004:Use of anticoagulation (attribute):1.0,1:260678004:Use of anticoagulation (attribute):1.0
t1_row_05,condition,ClinicalCondition,Indication of,230165009,Indication of (contextual qualifier) (qualifier value),230165009,Indication of (contextual qualifier) (qualifier value),1,1,rescue_override,,,,,,1,1:230165009:Indication of (contextual qualifier) (qualifier value):1.0,1:230165009:Indication of (contextual qualifier) (qualifier value):1.0
t1_row_05,condition,Procedure,Percutaneous coronary revascularization,415070008,Percutaneous transluminal coronary intervention using imaging guidance with contrast (procedure),415070008,Percutaneous transluminal coronary intervention using imaging guidance with contrast (procedure),1,1,rescue_override,,,,,,1,1:415070008:Percutaneous transluminal coronary intervention using imaging guidance with contrast (procedure):1.0,1:415070008:Percutaneous transluminal coronary intervention using imaging guidance with contrast (procedure):1.0
t1_row_05,condition,ClinicalCondition,Finding of increased risk level,1255670000,Finding of increased risk level (finding),1255670000,Finding of increased risk level (finding),1,1,,,,,,,1,1:1255670000:Finding of increased risk level (finding):1.0,1:1255670000:Finding of increased risk level (finding):1.0 | 2:45704003:At increased risk for noncompliance (finding):0.8455843024229515 | 3:42427004:At increased risk for suffocation (finding):0.8022448979591834 | 4:78648007:At increased risk for infection (finding):0.8022448979591834 | 5:39623008:At increased risk for poisoning injury (finding):0.7922448979591834 | 6:8317005:At increased risk for deficient parenting (finding):0.7922448979591834 | 7:38369006:At increased risk for cognitive impairment (finding):0.7922448979591834 | 8:70693003:At increased risk for impaired skin integrity (finding):0.7922448979591834 | 9:50048006:At increased risk for deficient fluid volume (finding):0.7872448979591834 | 10:41775005:At increased risk for impaired home maintenance management (finding):0.7872448979591834
t1_row_05,condition,ClinicalCondition,Ischemic stroke,422504002,Ischemic stroke (disorder),422504002,Ischemic stroke (disorder),1,1,,,,,,,1,1:422504002:Ischemic stroke (disorder):1.0,1:422504002:Ischemic stroke (disorder):1.0 | 2:140911000119109:Ischemic stroke with coma (disorder):1.0 | 3:140921000119102:Ischemic stroke without coma (disorder):1.0 | 4:16896891000119106:History of cerebrovascular accident due to ischemia (situation):1.0 | 5:16891111000119104:Cryptogenic stroke (disorder):1.0 | 6:762005171000119101:Acute cerebrovascular accident due to ischemia (disorder):1.0 | 7:1142056004:Neonatal ischemic stroke (disorder):1.0 | 8:1197363004:Pediatric arterial ischemic stroke (disorder):1.0 | 9:16469931000119100:Fatigue due to and following ischemic cerebrovascular accident (disorder):1.0 | 10:230706003:Hemorrhagic cerebral infarction (disorder):1.0
t1_row_05,condition,ClinicalCondition,At high risk for bleeding,711536002,At high risk for bleeding (finding),711536002,At high risk for bleeding (finding),1,1,,,,,,,1,1:711536002:At high risk for bleeding (finding):1.0,1:711536002:At high risk for bleeding (finding):1.0 | 2:15508007:High risk of (contextual qualifier) (qualifier value):0.7049382716049383 | 3:102947004:High risk sexual behavior (finding):0.5376543209876543 | 4:47200007:High risk pregnancy (finding):0.5376543209876543 | 5:123104003:High risk of (qualifier value):0.5276543209876543 | 6:138911008:H/O: high risk medication (situation):0.4976543209876543 | 7:138919005:H/O: high risk medication NOS (situation):0.4976543209876543 | 8:23154005:Diastolic arterial pressure above reference range (finding):0.36839506172839503 | 9:18050000:Systolic arterial pressure above reference range (finding):0.36839506172839503 | 10:3947004:High oxygen affinity hemoglobin polycythemia (disorder):0.36839506172839503
t1_row_05,condition,ClinicalCondition,Coronary artery stent thrombosis,421327009,Coronary artery stent thrombosis (disorder),421327009,Coronary artery stent thrombosis (disorder),1,1,,,,,,,1,1:421327009:Coronary artery stent thrombosis (disorder):1.0,1:421327009:Coronary artery stent thrombosis (disorder):1.0 | 2:10365005:Right main coronary artery thrombosis (disorder):0.7382926829268293 | 3:28248000:Left anterior descending coronary artery thrombosis (disorder):0.7282926829268292 | 4:36969009:Placement of stent in coronary artery (procedure):0.6460975609756097 | 5:8957000:Coronary artery disease (disorder):0.5004878048780488 | 6:41801008:Coronary artery structure (body structure):0.4904878048780488 | 7:41702007:Coronary atherosclerosis (disorder):0.4204878048780488 | 8:53741008:Coronary arteriosclerosis (disorder):0.4204878048780488 | 9:50018008:Left coronary artery structure (body structure):0.3904878048780488 | 10:23687008:Coronary artery spasm (disorder):0.38493224932249315
t1_row_05,action,Medication,Rivaroxaban,442031002,Rivaroxaban (substance),442031002,Rivaroxaban (substance),1,1,,,,,,,1,1:442031002:Rivaroxaban (substance):1.0,1:442031002:Rivaroxaban (substance):1.0 | 2:1335906002:Rivaroxaban therapy (procedure):1.0 | 3:704472001:Product containing precisely rivaroxaban 10 milligram/1 each conventional release oral tablet (clinical drug):1.0 | 4:704473006:Product containing precisely rivaroxaban 15 milligram/1 each conventional release oral tablet (clinical drug):1.0 | 5:704474000:Product containing precisely rivaroxaban 20 milligram/1 each conventional release oral tablet (clinical drug):1.0 | 6:704475004:Product containing precisely rivaroxaban 2.5 milligram/1 each conventional release oral tablet (clinical drug):1.0 | 7:777455008:Product containing only rivaroxaban (medicinal product):1.0 | 8:768150008:Product containing rivaroxaban in oral dose form (medicinal product form):1.0 | 9:442539005:Product containing rivaroxaban (medicinal product):1.0 | 10:780387003:Product containing only rivaroxaban in oral dose form (medicinal product form):1.0
t1_row_06,condition,ClinicalCondition,Chronic ischemic heart disease,413838009,Chronic ischemic heart disease (disorder),413838009,Chronic ischemic heart disease (disorder),1,2,,,,,,,2,1:84537008:Chronic ischemic heart disease (disorder):1.0 | 2:413838009:Chronic ischemic heart disease (disorder):1.0,1:84537008:Chronic ischemic heart disease (disorder):1.0 | 2:413838009:Chronic ischemic heart disease (disorder):1.0 | 3:266290000:Heart disease: [arteriosclerotic] or [chronic ischaemic NOS] (disorder):1.0 | 4:155315001:Heart disease: [arteriosclerotic] or [chronic ischaemic NOS] (disorder):1.0 | 5:155318004:Chronic ischaemic heart disease NOS (disorder):1.0 | 6:266291001:Chronic ischemic heart disease NOS (disorder):1.0 | 7:194840000:Other chronic ischemic heart disease (disorder):1.0 | 8:194854008:Other chronic ischemic heart disease NOS (disorder):1.0 | 9:195544005:[X]Other forms of chronic ischemic heart disease (disorder):1.0 | 10:194851000:Other specified chronic ischemic heart disease (disorder):1.0
t1_row_06,condition,ClinicalCondition,Use of anticoagulation,260678004,Use of anticoagulation (attribute),260678004,Use of anticoagulation (attribute),1,1,rescue_override,,,,,,1,1:260678004:Use of anticoagulation (attribute):1.0,1:260678004:Use of anticoagulation (attribute):1.0
t1_row_06,condition,ClinicalCondition,Indication of,230165009,Indication of (contextual qualifier) (qualifier value),230165009,Indication of (contextual qualifier) (qualifier value),1,1,rescue_override,,,,,,1,1:230165009:Indication of (contextual qualifier) (qualifier value):1.0,1:230165009:Indication of (contextual qualifier) (qualifier value):1.0
t1_row_06,condition,Procedure,Percutaneous coronary revascularization,415070008,Percutaneous transluminal coronary intervention using imaging guidance with contrast (procedure),415070008,Percutaneous transluminal coronary intervention using imaging guidance with contrast (procedure),1,1,rescue_override,,,,,,1,1:415070008:Percutaneous transluminal coronary intervention using imaging guidance with contrast (procedure):1.0,1:415070008:Percutaneous transluminal coronary intervention using imaging guidance with contrast (procedure):1.0
t1_row_06,condition,Medication,Indirect acting anticoagulant,419847008,Indirect acting anticoagulant (substance),419847008,Indirect acting anticoagulant (substance),1,2,,,,,,,2,1:350471004:Indirect acting anticoagulant (product):1.0 | 2:419847008:Indirect acting anticoagulant (substance):1.0,1:350471004:Indirect acting anticoagulant (product):1.0 | 2:419847008:Indirect acting anticoagulant (substance):1.0 | 3:294878002:Allergy to indirect acting anticoagulant (finding):1.0 | 4:293341000:Indirect acting anticoagulant adverse reaction (disorder):1.0 | 5:81839001:Medicinal product acting as anticoagulant agent (product):0.7392083333333334 | 6:255541007:Indirect (qualifier value):0.3158704733058182 | 7:287277008:Indirect heart revascularization (procedure):0.2847916666666667 | 8:185323008:Indirect encounter NOS (finding):0.2847916666666667 | 9:37852002:Indirect reacting bilirubin (substance):0.2797916666666667 | 10:165774008:Indirect Coombs test negative (finding):0.2747916666666667
t1_row_06,condition,Medication,Indication of,230165009,Indication of (contextual qualifier) (qualifier value),39816005,Indication of (contextual qualifier) (qualifier value),0,3,,,,,,,3,1:39816005:Indication of (contextual qualifier) (qualifier value):1.0 | 2:71653005:No indication of (contextual qualifier) (qualifier value):1.0 | 3:230165009:Indication of (contextual qualifier) (qualifier value):1.0,1:39816005:Indication of (contextual qualifier) (qualifier value):1.0 | 2:71653005:No indication of (contextual qualifier) (qualifier value):1.0 | 3:230165009:Indication of (contextual qualifier) (qualifier value):1.0 | 4:1363183004:Pain behavior (finding):1.0 | 5:60107008:Reason for (contextual qualifier) (qualifier value):1.0 | 6:408343002:Indication for each drug checked (finding):1.0 | 7:410665000:Indication for (attribute):1.0 | 8:316258007:[V]Routine or ritual circumcision (situation):1.0 | 9:67480003:Indication for care AND/OR intervention in labor AND/OR delivery (disorder):1.0 | 10:109896009:Indication for modification of patient status (disorder):1.0
t1_row_06,condition,Medication,Drug therapy with explicit context,1290126002,Drug therapy with explicit context (situation),1290126002,Drug therapy with explicit context (situation),1,1,rescue_override,,,,,,1,1:1290126002:Drug therapy with explicit context (situation):1.0,1:1290126002:Drug therapy with explicit context (situation):1.0
t1_row_06,action,Medication,Indirect acting anticoagulant,419847008,Indirect acting anticoagulant (substance),419847008,Indirect acting anticoagulant (substance),1,2,,,,,,,2,1:350471004:Indirect acting anticoagulant (product):1.0 | 2:419847008:Indirect acting anticoagulant (substance):1.0,1:350471004:Indirect acting anticoagulant (product):1.0 | 2:419847008:Indirect acting anticoagulant (substance):1.0 | 3:294878002:Allergy to indirect acting anticoagulant (finding):1.0 | 4:293341000:Indirect acting anticoagulant adverse reaction (disorder):1.0 | 5:81839001:Medicinal product acting as anticoagulant agent (product):0.7392083333333334 | 6:255541007:Indirect (qualifier value):0.3158704733058182 | 7:287277008:Indirect heart revascularization (procedure):0.2847916666666667 | 8:185323008:Indirect encounter NOS (finding):0.2847916666666667 | 9:37852002:Indirect reacting bilirubin (substance):0.2797916666666667 | 10:165774008:Indirect Coombs test negative (finding):0.2747916666666667
t1_row_07,condition,ClinicalCondition,Chronic ischemic heart disease,413838009,Chronic ischemic heart disease (disorder),413838009,Chronic ischemic heart disease (disorder),1,2,,,,,,,2,1:84537008:Chronic ischemic heart disease (disorder):1.0 | 2:413838009:Chronic ischemic heart disease (disorder):1.0,1:84537008:Chronic ischemic heart disease (disorder):1.0 | 2:413838009:Chronic ischemic heart disease (disorder):1.0 | 3:266290000:Heart disease: [arteriosclerotic] or [chronic ischaemic NOS] (disorder):1.0 | 4:155315001:Heart disease: [arteriosclerotic] or [chronic ischaemic NOS] (disorder):1.0 | 5:155318004:Chronic ischaemic heart disease NOS (disorder):1.0 | 6:266291001:Chronic ischemic heart disease NOS (disorder):1.0 | 7:194840000:Other chronic ischemic heart disease (disorder):1.0 | 8:194854008:Other chronic ischemic heart disease NOS (disorder):1.0 | 9:195544005:[X]Other forms of chronic ischemic heart disease (disorder):1.0 | 10:194851000:Other specified chronic ischemic heart disease (disorder):1.0
t1_row_07,condition,Procedure,Coronary artery bypass graft,232717009,Coronary artery bypass grafting (procedure),149173009,Coronary artery bypass grafting (procedure),0,4,,,,,,,4,1:149173009:Coronary artery bypass grafting (procedure):1.0 | 2:149174003:Coronary artery bypass grafting (procedure):1.0 | 3:175006004:Coronary artery operations (& bypass) (procedure):1.0 | 4:232717009:Coronary artery bypass grafting (procedure):1.0,1:149173009:Coronary artery bypass grafting (procedure):1.0 | 2:149174003:Coronary artery bypass grafting (procedure):1.0 | 3:175006004:Coronary artery operations (& bypass) (procedure):1.0 | 4:232717009:Coronary artery bypass grafting (procedure):1.0 | 5:232719007:Coronary artery bypass graft x 1 (procedure):1.0 | 6:232720001:Coronary artery bypass grafts x 2 (procedure):1.0 | 7:232721002:Coronary artery bypass grafts x 3 (procedure):1.0 | 8:232722009:Coronary artery bypass grafts x 4 (procedure):1.0 | 9:232723004:Coronary artery bypass grafts x 5 (procedure):1.0 | 10:119563008:Coronary artery bypass graft (procedure):1.0
t1_row_07,action,Medication,Aspirin,387458008,Aspirin (substance),387458008,Aspirin (substance),1,1,,,,,,,1,1:387458008:Aspirin (substance):1.0,1:387458008:Aspirin (substance):1.0 | 2:717854002:Aspirin therapy (procedure):1.0 | 3:99875004:ASPIRIN 60 GRAIN (product):1.0 | 4:99877007:ASPIRIN BOLUSES (product):1.0 | 5:99878002:ASPIRIN TABLETS PRODUCT (product):1.0 | 6:134394002:Aspirin not indicated (situation):1.0 | 7:135800003:Aspirin indicated (situation):1.0 | 8:151190005:Over the counter aspirin therapy (procedure):1.0 | 9:151215005:Salicylate prophylaxis &/or aspirin IHD (procedure):1.0 | 10:182909007:Over the counter aspirin therapy (procedure):1.0
t1_row_08,condition,ClinicalCondition,Chronic ischemic heart disease,413838009,Chronic ischemic heart disease (disorder),413838009,Chronic ischemic heart disease (disorder),1,2,,,,,,,2,1:84537008:Chronic ischemic heart disease (disorder):1.0 | 2:413838009:Chronic ischemic heart disease (disorder):1.0,1:84537008:Chronic ischemic heart disease (disorder):1.0 | 2:413838009:Chronic ischemic heart disease (disorder):1.0 | 3:266290000:Heart disease: [arteriosclerotic] or [chronic ischaemic NOS] (disorder):1.0 | 4:155315001:Heart disease: [arteriosclerotic] or [chronic ischaemic NOS] (disorder):1.0 | 5:155318004:Chronic ischaemic heart disease NOS (disorder):1.0 | 6:266291001:Chronic ischemic heart disease NOS (disorder):1.0 | 7:194840000:Other chronic ischemic heart disease (disorder):1.0 | 8:194854008:Other chronic ischemic heart disease NOS (disorder):1.0 | 9:195544005:[X]Other forms of chronic ischemic heart disease (disorder):1.0 | 10:194851000:Other specified chronic ischemic heart disease (disorder):1.0
t1_row_08,condition,string,Finding of increased risk level,1255670000,Finding of increased risk level (finding),1255670000,Finding of increased risk level (finding),1,1,,,,,,,1,1:1255670000:Finding of increased risk level (finding):1.0,1:1255670000:Finding of increased risk level (finding):1.0 | 2:45704003:At increased risk for noncompliance (finding):0.8455843024229515 | 3:42427004:At increased risk for suffocation (finding):0.8022448979591834 | 4:78648007:At increased risk for infection (finding):0.8022448979591834 | 5:39623008:At increased risk for poisoning injury (finding):0.7922448979591834 | 6:8317005:At increased risk for deficient parenting (finding):0.7922448979591834 | 7:38369006:At increased risk for cognitive impairment (finding):0.7922448979591834 | 8:70693003:At increased risk for impaired skin integrity (finding):0.7922448979591834 | 9:50048006:At increased risk for deficient fluid volume (finding):0.7872448979591834 | 10:41775005:At increased risk for impaired home maintenance management (finding):0.7872448979591834
t1_row_08,condition,string,Gastrointestinal hemorrhage,74474003,Gastrointestinal hemorrhage (disorder),74474003,Gastrointestinal hemorrhage (disorder),1,1,,,,,,,1,1:74474003:Gastrointestinal hemorrhage (disorder):1.0,1:74474003:Gastrointestinal hemorrhage (disorder):1.0 | 2:83628005:Chronic gastrointestinal hemorrhage (disorder):1.0 | 3:155837004:Gastrointestinal haemorrhage (disorder):1.0 | 4:25349007:Chronic upper gastrointestinal hemorrhage (disorder):1.0 | 5:27719009:Acute gastrointestinal hemorrhage (disorder):1.0 | 6:37372002:Upper gastrointestinal hemorrhage (disorder):1.0 | 7:48729005:Perinatal gastrointestinal hemorrhage (disorder):1.0 | 8:68162000:Chronic lower gastrointestinal hemorrhage (disorder):1.0 | 9:87763006:Lower gastrointestinal hemorrhage (disorder):1.0 | 10:157128003:Perinatal gastrointestinal haemorrhage (disorder):1.0
t1_row_08,action,Medication,Proton pump inhibitor,734582004,Hydrogen/potassium adenosine triphosphatase enzyme system inhibitor (disposition),734582004,Hydrogen/potassium adenosine triphosphatase enzyme system inhibitor (disposition),1,1,rescue_override,,,,,,1,1:734582004:Hydrogen/potassium adenosine triphosphatase enzyme system inhibitor (disposition):1.0,1:734582004:Hydrogen/potassium adenosine triphosphatase enzyme system inhibitor (disposition):1.0
