row_id,side,role,term,gold_snomed_id,gold_concept_term,pred_snomed_id,pred_concept_term,hit,gt_rank,gold_absence_stage,gold_in_initial_results,gold_in_allowed_domain,gold_in_truncated_set,gold_in_final_ranked,gold_filter_reasons,num_ranked_to_gt,rank_chain_to_gt,top10_chain
t0_row_01,condition,Procedure,Percutaneous coronary revascularization,415070008,Percutaneous transluminal coronary intervention using imaging guidance with contrast (procedure),415070008,Percutaneous transluminal coronary intervention using imaging guidance with contrast (procedure),1,1,rescue_override,,,,,,1,1:415070008:Percutaneous transluminal coronary intervention using imaging guidance with contrast (procedure):1.0,1:415070008:Percutaneous transluminal coronary intervention using imaging guidance with contrast (procedure):1.0
t0_row_01,condition,Procedure,Coronary artery bypass grafting,232717009,Coronary artery bypass grafting (procedure),232722009,Coronary artery bypass grafts x 4 (procedure),0,7,ranked,True,True,True,True,,7,1:232722009:Coronary artery bypass grafts x 4 (procedure):1.0 | 2:232719007:Coronary artery bypass graft x 1 (procedure):1.0 | 3:232720001:Coronary artery bypass grafts x 2 (procedure):1.0 | 4:232721002:Coronary artery bypass grafts x 3 (procedure):1.0 | 5:232723004:Coronary artery bypass grafts x 5 (procedure):1.0 | 6:232724005:Coronary artery bypass grafts greater than 5 (procedure):1.0 | 7:232717009:Coronary artery bypass grafting (procedure):1.0,1:232722009:Coronary artery bypass grafts x 4 (procedure):1.0 | 2:232719007:Coronary artery bypass graft x 1 (procedure):1.0 | 3:232720001:Coronary artery bypass grafts x 2 (procedure):1.0 | 4:232721002:Coronary artery bypass grafts x 3 (procedure):1.0 | 5:232723004:Coronary artery bypass grafts x 5 (procedure):1.0 | 6:232724005:Coronary artery bypass grafts greater than 5 (procedure):1.0 | 7:232717009:Coronary artery bypass grafting (procedure):1.0 | 8:868227005:Coronary artery bypass grafting using radial artery graft (procedure):1.0 | 9:868228000:Coronary artery bypass grafting using gastroepiploic artery graft (procedure):1.0 | 10:868231004:Coronary artery bypass grafting using free left internal thoracic artery graft (procedure):1.0
t0_row_01,action,Procedure,Informing patient,310866003,Informing patient (procedure),310866003,Informing patient (procedure),1,1,ranked,True,True,True,True,,1,1:310866003:Informing patient (procedure):1.0,1:310866003:Informing patient (procedure):1.0 | 2:310867007:Informing patient of diagnosis (procedure):1.0 | 3:310868002:Informing patient of prognosis (procedure):1.0 | 4:396071005:Patient education regarding Patient Bill of Rights (procedure):1.0 | 5:700502006:Informing patient of outcome of child and adolescent mental health service choice appointment (procedure):1.0 | 6:223458004:Informing (procedure):0.9066666666666667 | 7:304564008:Informing next of kin (procedure):0.9066666666666667 | 8:223459007:Informing of accident (procedure):0.8566666666666667 | 9:223460002:Informing of incident (procedure):0.8566666666666667 | 10:304562007:Informing doctor (procedure):0.8566666666666667
t0_row_01,action,Procedure,Using decision making strategies,415806002,Using decision making strategies (finding),415806002,Using decision making strategies (finding),1,1,rescue_override,,,,,,1,1:415806002:Using decision making strategies (finding):1.0,1:415806002:Using decision making strategies (finding):1.0
t0_row_02,condition,ClinicalCondition,Chronic ischemic heart disease,413838009,Chronic ischemic heart disease (disorder),413838009,Chronic ischemic heart disease (disorder),1,1,ranked,True,True,True,True,,1,1:413838009:Chronic ischemic heart disease (disorder):1.0,1:413838009:Chronic ischemic heart disease (disorder):1.0 | 2:414545008:Ischemic heart disease (disorder):1.0 | 3:194828000:Angina (disorder):1.0 | 4:413439005:Acute ischemic heart disease (disorder):1.0 | 5:712866001:Resting ischemia co-occurrent and due to ischemic heart disease (disorder):1.0 | 6:129573006:Atherosclerotic occlusive disease (disorder):0.9051074649872035 | 7:472100003:Ischemic dilated cardiomyopathy due to coronary artery disease (disorder):0.8885653851411394 | 8:281091000:Ischemic myocardial dysfunction (disorder):0.8883144001147798 | 9:73235004:Chronic ischemic enteritis (disorder):0.8780733944954128 | 10:82196007:Vascular insufficiency of intestine (disorder):0.8780733944954128
t0_row_02,condition,ClinicalParameter,Left ventricular ejection fraction,250908004,Left ventricular ejection fraction (observable entity),250908004,Left ventricular ejection fraction (observable entity),1,1,ranked,True,True,True,True,,1,1:250908004:Left ventricular ejection fraction (observable entity):1.0,"1:250908004:Left ventricular ejection fraction (observable entity):1.0 | 2:5041000175101:Estimated lower limit of left ventricular ejection fraction (observable entity):1.0 | 3:5051000175104:Estimated upper limit of left ventricular ejection fraction (observable entity):1.0 | 4:250939002:Right ventricular ejection fraction (observable entity):0.7805763398575983 | 5:250924003:Left ventricular size (observable entity):0.4243573748026336 | 6:70822001:Cardiac ejection fraction, function (observable entity):0.4160605356451278 | 7:250922004:Left ventricular work (observable entity):0.3743573748026336 | 8:250907009:Left ventricular function (observable entity):0.3743573748026336 | 9:399030000:Left ventricular systolic area (observable entity):0.3743573748026336 | 10:250934007:Left ventricular short axis area (observable entity):0.3743573748026336"
t0_row_02,condition,ClinicalCondition,Triple vessel disease of the heart,233817007,Triple vessel disease of the heart (disorder),,,0,,filtered_by_domain_roots,True,False,False,False,,0,,"1:169793002:Triple test wanted (finding):0.39141242937853105 | 2:45414006:Glucocorticoid deficiency with achalasia (disorder):0.39141242937853105 | 3:35111009:Trisomy X syndrome (disorder):0.34141242937853106 | 4:21829004:Blood vessel finding (finding):0.34141242937853106 | 5:28773001:Thrombosis of vessels of cord (disorder):0.34141242937853106 | 6:27550009:Disorder of blood vessel (disorder):0.34141242937853106 | 7:3305006:Disorder of lymphatic vessel (disorder):0.34141242937853106 | 8:50570003:Aneurysm of coronary vessels (disorder):0.34141242937853106 | 9:168079008:Calculus = triple phosphate (finding):0.3247457627118644 | 10:234639001:Triple X syndrome, epilepsy, and hypogammaglobulinemia (disorder):0.3247457627118644"
t0_row_02,action,Procedure,Myocardial revascularization,275227003,Myocardial revascularization (procedure),275227003,Myocardial revascularization (procedure),1,1,ranked,True,True,True,True,,1,1:275227003:Myocardial revascularization (procedure):1.0,"1:275227003:Myocardial revascularization (procedure):1.0 | 2:64432007:Radioisotope myocardial imaging procedure (procedure):0.9318918918918919 | 3:70627009:Myocardial resection (procedure):0.9099175392937016 | 4:1371343005:Administration of prophylactic drug or medicament for myocardial infarction (procedure):0.8914462144525201 | 5:41380003:Radioisotope scan for myocardial infarction (procedure):0.8652252252252253 | 6:56349004:Aorto-myocardial shunt (procedure):0.8652252252252253 | 7:113155009:Myocardial infarction education (procedure):0.8652252252252253 | 8:63670007:Myocardial imaging for infarct, planar technique (procedure):0.856891891891892 | 9:68882003:Replacement of electronic heart device, myocardial electrode (procedure):0.8518918918918919 | 10:79105008:Removal of electronic heart device, myocardial electrode (procedure):0.8518918918918919"
t0_row_02,action,Procedure,Medical therapy,243121000,Medical therapy (procedure),243121000,Medical therapy (procedure),1,1,ranked,True,True,True,True,,1,1:243121000:Medical therapy (procedure):1.0,"1:243121000:Medical therapy (procedure):1.0 | 2:26342005:Medical evaluation for speech, language and/or hearing problems (regime/therapy):1.0 | 3:28868002:Interactive group medical psychotherapy (regime/therapy):1.0 | 4:8411005:Interactive individual medical psychotherapy (regime/therapy):1.0 | 5:36844005:Ophthalmoscopy with medical evaluation, extended, with ophthalmodynamometry (procedure):0.4900000000000001 | 6:37312005:External ocular photography for medical evaluation and documentation (procedure):0.4900000000000001 | 7:39029006:Electromyogram examination of eye (procedure):0.4900000000000001 | 8:41375007:Medical evaluation of hearing problem (procedure):0.4900000000000001 | 9:42965003:Chart completion by medical records (procedure):0.4900000000000001 | 10:44271004:Ocular photography for medical evaluation and documentation, goniophotography (procedure):0.4900000000000001"
t0_row_03,condition,ClinicalCondition,Chronic ischemic heart disease,413838009,Chronic ischemic heart disease (disorder),413838009,Chronic ischemic heart disease (disorder),1,1,ranked,True,True,True,True,,1,1:413838009:Chronic ischemic heart disease (disorder):1.0,1:413838009:Chronic ischemic heart disease (disorder):1.0 | 2:414545008:Ischemic heart disease (disorder):1.0 | 3:194828000:Angina (disorder):1.0 | 4:413439005:Acute ischemic heart disease (disorder):1.0 | 5:712866001:Resting ischemia co-occurrent and due to ischemic heart disease (disorder):1.0 | 6:129573006:Atherosclerotic occlusive disease (disorder):0.9051074649872035 | 7:472100003:Ischemic dilated cardiomyopathy due to coronary artery disease (disorder):0.8885653851411394 | 8:281091000:Ischemic myocardial dysfunction (disorder):0.8883144001147798 | 9:73235004:Chronic ischemic enteritis (disorder):0.8780733944954128 | 10:82196007:Vascular insufficiency of intestine (disorder):0.8780733944954128
t0_row_03,condition,ClinicalParameter,Left ventricular ejection fraction,250908004,Left ventricular ejection fraction (observable entity),250908004,Left ventricular ejection fraction (observable entity),1,1,ranked,True,True,True,True,,1,1:250908004:Left ventricular ejection fraction (observable entity):1.0,"1:250908004:Left ventricular ejection fraction (observable entity):1.0 | 2:5041000175101:Estimated lower limit of left ventricular ejection fraction (observable entity):1.0 | 3:5051000175104:Estimated upper limit of left ventricular ejection fraction (observable entity):1.0 | 4:250939002:Right ventricular ejection fraction (observable entity):0.7805763398575983 | 5:250924003:Left ventricular size (observable entity):0.4243573748026336 | 6:70822001:Cardiac ejection fraction, function (observable entity):0.4160605356451278 | 7:250922004:Left ventricular work (observable entity):0.3743573748026336 | 8:250907009:Left ventricular function (observable entity):0.3743573748026336 | 9:399030000:Left ventricular systolic area (observable entity):0.3743573748026336 | 10:250934007:Left ventricular short axis area (observable entity):0.3743573748026336"
t0_row_03,condition,ClinicalCondition,Atherosclerosis of proximal portion of anterior descending branch of left coronary artery,1366501001,Atherosclerosis of proximal portion of anterior descending branch of left coronary artery (disorder),1366498001,Atherosclerosis of anterior descending branch of left coronary artery (disorder),0,,filtered_by_domain_roots,True,False,False,False,,0,,1:1366498001:Atherosclerosis of anterior descending branch of left coronary artery (disorder):1.0 | 2:1366504009:Atherosclerosis of proximal portion of right coronary artery (disorder):1.0 | 3:876859003:Stenosis of anterior descending branch of left coronary artery (disorder):1.0 | 4:840608004:Occlusion of anterior descending branch of left coronary artery (disorder):1.0 | 5:1254664002:Stenosis of diagonal branch of anterior descending branch of left coronary artery (disorder):1.0 | 6:1254665001:Stenosis of septal branch of anterior descending branch of left coronary artery (disorder):1.0 | 7:846667001:Occlusion of diagonal branch of anterior descending branch of left coronary artery (disorder):1.0 | 8:1366500000:Atherosclerosis of left coronary artery (disorder):0.9401769132006402 | 9:443502000:Atherosclerosis of coronary artery (disorder):0.9396492118227716 | 10:441574008:Atherosclerosis of artery (disorder):0.9109803921568628
t0_row_03,condition,ClinicalCondition,Single coronary vessel disease,194842008,Single coronary vessel disease (disorder),50570003,Aneurysm of coronary vessels (disorder),0,,filtered_by_domain_roots,True,False,False,False,,0,,1:50570003:Aneurysm of coronary vessels (disorder):0.6185875706214689 | 2:253721001:Single coronary artery fistula (disorder):0.6185875706214689 | 3:95266003:Single naris (disorder):0.39141242937853105 | 4:11145003:Single limb ataxia (finding):0.34141242937853106 | 5:67972000:Single home living (finding):0.34141242937853106 | 6:77945009:Simple renal cyst (disorder):0.34141242937853106 | 7:21829004:Blood vessel finding (finding):0.34141242937853106 | 8:28773001:Thrombosis of vessels of cord (disorder):0.34141242937853106 | 9:27550009:Disorder of blood vessel (disorder):0.34141242937853106 | 10:3305006:Disorder of lymphatic vessel (disorder):0.34141242937853106
t0_row_03,condition,ClinicalCondition,Double coronary vessel disease,194843003,Double coronary vessel disease (disorder),50570003,Aneurysm of coronary vessels (disorder),0,,filtered_by_domain_roots,True,False,False,False,,0,,1:50570003:Aneurysm of coronary vessels (disorder):0.6185875706214689 | 2:11172006:Double step gait (finding):0.39141242937853105 | 3:17337006:Double artery (disorder):0.39141242937853105 | 4:50749006:Double Y syndrome (disorder):0.39141242937853105 | 5:10451007:Double aortic arch (disorder):0.34141242937853106 | 6:123806003:Bisalbuminemia (finding):0.34141242937853106 | 7:16171003:Double athetosis (disorder):0.34141242937853106 | 8:1744008:Fusion of teeth (disorder):0.34141242937853106 | 9:24982008:Diplopia (disorder):0.34141242937853106 | 10:28599006:Ascher's syndrome (disorder):0.34141242937853106
t0_row_03,action,Procedure,Myocardial revascularization,275227003,Myocardial revascularization (procedure),275227003,Myocardial revascularization (procedure),1,1,ranked,True,True,True,True,,1,1:275227003:Myocardial revascularization (procedure):1.0,"1:275227003:Myocardial revascularization (procedure):1.0 | 2:64432007:Radioisotope myocardial imaging procedure (procedure):0.9318918918918919 | 3:70627009:Myocardial resection (procedure):0.9099175392937016 | 4:1371343005:Administration of prophylactic drug or medicament for myocardial infarction (procedure):0.8915732599647196 | 5:41380003:Radioisotope scan for myocardial infarction (procedure):0.8652252252252253 | 6:56349004:Aorto-myocardial shunt (procedure):0.8652252252252253 | 7:113155009:Myocardial infarction education (procedure):0.8652252252252253 | 8:63670007:Myocardial imaging for infarct, planar technique (procedure):0.856891891891892 | 9:68882003:Replacement of electronic heart device, myocardial electrode (procedure):0.8518918918918919 | 10:79105008:Removal of electronic heart device, myocardial electrode (procedure):0.8518918918918919"
t0_row_03,action,Procedure,Medical therapy,243121000,Medical therapy (procedure),243121000,Medical therapy (procedure),1,1,ranked,True,True,True,True,,1,1:243121000:Medical therapy (procedure):1.0,"1:243121000:Medical therapy (procedure):1.0 | 2:26342005:Medical evaluation for speech, language and/or hearing problems (regime/therapy):1.0 | 3:28868002:Interactive group medical psychotherapy (regime/therapy):1.0 | 4:8411005:Interactive individual medical psychotherapy (regime/therapy):1.0 | 5:36844005:Ophthalmoscopy with medical evaluation, extended, with ophthalmodynamometry (procedure):0.4900000000000001 | 6:37312005:External ocular photography for medical evaluation and documentation (procedure):0.4900000000000001 | 7:39029006:Electromyogram examination of eye (procedure):0.4900000000000001 | 8:41375007:Medical evaluation of hearing problem (procedure):0.4900000000000001 | 9:42965003:Chart completion by medical records (procedure):0.4900000000000001 | 10:44271004:Ocular photography for medical evaluation and documentation, goniophotography (procedure):0.4900000000000001"
t0_row_04,condition,Procedure,Percutaneous coronary revascularization,415070008,Percutaneous transluminal coronary intervention using imaging guidance with contrast (procedure),415070008,Percutaneous transluminal coronary intervention using imaging guidance with contrast (procedure),1,1,rescue_override,,,,,,1,1:415070008:Percutaneous transluminal coronary intervention using imaging guidance with contrast (procedure):1.0,1:415070008:Percutaneous transluminal coronary intervention using imaging guidance with contrast (procedure):1.0
t0_row_04,condition,ClinicalCondition,Lesion,52988006,Lesion (morphologic abnormality),7870007,Vascular lesion of cord (disorder),0,,filtered_by_domain_roots,True,False,False,False,,0,,"1:7870007:Vascular lesion of cord (disorder):1.0 | 2:402433007:Rheumatoid arthritis with nailfold and finger-pulp infarcts (disorder):1.0 | 3:15733007:Incipient enamel caries (disorder):1.0 | 4:3548001:Brachial plexus disorder (disorder):1.0 | 5:4062006:Lumbosacral plexus lesion (disorder):1.0 | 6:4669001:Pinta, primary lesion (disorder):1.0 | 7:16006009:Traumatic injury of deep peroneal nerve (disorder):1.0 | 8:6836001:Injury of brachial plexus (disorder):1.0 | 9:8459005:Closed fracture of C1-C4 level with incomplete cord lesion (disorder):1.0 | 10:10310006:Open fracture of C1-C4 level with incomplete spinal cord lesion (disorder):1.0"
t0_row_04,condition,ClinicalCondition,Stenosis of left coronary artery main stem,876857001,Stenosis of left coronary artery main stem (disorder),876857001,Stenosis of left coronary artery main stem (disorder),1,1,rescue_override,,,,,,1,1:876857001:Stenosis of left coronary artery main stem (disorder):1.0,1:876857001:Stenosis of left coronary artery main stem (disorder):1.0
t0_row_04,action,Procedure,Intravascular ultrasound of artery,241467003,Intravascular ultrasound of artery (procedure),241467003,Intravascular ultrasound of artery (procedure),1,1,ranked,True,True,True,True,,1,1:241467003:Intravascular ultrasound of artery (procedure):1.0,1:241467003:Intravascular ultrasound of artery (procedure):1.0 | 2:310658009:Intravascular ultrasound of coronary artery (procedure):1.0 | 3:241468008:Intravascular ultrasound of intracranial artery (procedure):1.0 | 4:431747006:Intravascular ultrasound Doppler imaging of coronary artery using fluoroscopic guidance with contrast (procedure):1.0 | 5:230927001:Intracranial intravascular ultrasound (procedure):1.0 | 6:241466007:Intravascular ultrasound angiography of blood vessel (procedure):1.0 | 7:241469000:Intravascular ultrasound of arterial graft (procedure):1.0 | 8:432093004:Intravascular ultrasound thrombolysis using fluoroscopic guidance with contrast (procedure):0.994488791403147 | 9:431201002:Ultrasound angiography of artery (procedure):0.6107960199004975 | 10:709979004:Doppler ultrasonography of artery (procedure):0.6107960199004975
t0_row_04,action,Procedure,Optical coherence tomography,392010000,Optical coherence tomography (procedure),392010000,Optical coherence tomography (procedure),1,1,ranked,True,True,True,True,,1,1:392010000:Optical coherence tomography (procedure):1.0,1:392010000:Optical coherence tomography (procedure):1.0 | 2:698254001:Intravascular optical coherence tomography of coronary vessel (procedure):1.0 | 3:1303745001:Optical coherence tomography of anterior segment of eye (procedure):1.0 | 4:1303746000:Optical coherence tomography of posterior segment of eye (procedure):1.0 | 5:1334009001:Optical coherence tomography of left coronary artery using fluoroscopic guidance with contrast (procedure):1.0 | 6:912321000000101:Optical coherence tomography of coronary artery using fluoroscopic guidance with contrast (procedure):1.0 | 7:1334010006:Optical coherence tomography of right coronary artery using fluoroscopic guidance with contrast (procedure):1.0 | 8:1334011005:Optical coherence tomography of bilateral coronary arteries using fluoroscopic guidance with contrast (procedure):1.0 | 9:426241002:Optical coherence tomography of eye region (procedure):1.0 | 10:700070005:Optical coherence tomography of retina (procedure):1.0
t0_row_05,condition,Procedure,Myocardial revascularization,275227003,Myocardial revascularization (procedure),275227003,Myocardial revascularization (procedure),1,1,ranked,True,True,True,True,,1,1:275227003:Myocardial revascularization (procedure):1.0,"1:275227003:Myocardial revascularization (procedure):1.0 | 2:64432007:Radioisotope myocardial imaging procedure (procedure):0.9318918918918919 | 3:70627009:Myocardial resection (procedure):0.9099175392937016 | 4:41380003:Radioisotope scan for myocardial infarction (procedure):0.8652252252252253 | 5:56349004:Aorto-myocardial shunt (procedure):0.8652252252252253 | 6:113155009:Myocardial infarction education (procedure):0.8652252252252253 | 7:63670007:Myocardial imaging for infarct, planar technique (procedure):0.856891891891892 | 8:68882003:Replacement of electronic heart device, myocardial electrode (procedure):0.8518918918918919 | 9:79105008:Removal of electronic heart device, myocardial electrode (procedure):0.8518918918918919 | 10:41466009:Myocardial imaging for infarct with ejection fraction, first pass technique (procedure):0.8485585585585586"
t0_row_05,condition,ClinicalCondition,Chronic ischemic heart disease,413838009,Chronic ischemic heart disease (disorder),413838009,Chronic ischemic heart disease (disorder),1,1,ranked,True,True,True,True,,1,1:413838009:Chronic ischemic heart disease (disorder):1.0,1:413838009:Chronic ischemic heart disease (disorder):1.0 | 2:414545008:Ischemic heart disease (disorder):1.0 | 3:194828000:Angina (disorder):1.0 | 4:413439005:Acute ischemic heart disease (disorder):1.0 | 5:712866001:Resting ischemia co-occurrent and due to ischemic heart disease (disorder):1.0 | 6:129573006:Atherosclerotic occlusive disease (disorder):0.9051074649872035 | 7:472100003:Ischemic dilated cardiomyopathy due to coronary artery disease (disorder):0.8885653851411394 | 8:281091000:Ischemic myocardial dysfunction (disorder):0.8883144001147798 | 9:73235004:Chronic ischemic enteritis (disorder):0.8780733944954128 | 10:82196007:Vascular insufficiency of intestine (disorder):0.8780733944954128
t0_row_05,action,Procedure,Intracoronary pressure guide wire,371789009,Intracoronary pressure guide wire (physical object),431558000,Insertion of cardiac pressure wire using fluoroscopic guidance (procedure),0,,filtered_by_domain_roots,True,False,False,False,,0,,"1:431558000:Insertion of cardiac pressure wire using fluoroscopic guidance (procedure):0.49459770114942525 | 2:53178003:Esophagoscopy for insertion of wire to guide dilation (procedure):0.45120689655172413 | 3:261538006:Open intracoronary repair of coronary artery fistula (procedure):0.14367816091954028 | 4:384693001:Intracoronary artery thrombolytic infusion (procedure):0.14367816091954028 | 5:26906007:Application of dressing, pressure (procedure):0.1367816091954024 | 6:14393002:Wedge pressure determination (procedure):0.1367816091954024 | 7:14881004:Tonography with provocative tests (procedure):0.1367816091954024 | 8:20726006:Pressure measurement of sphincter of Oddi (procedure):0.1367816091954024 | 9:7677007:Consonant differential pressure test (procedure):0.1367816091954024 | 10:31724009:Measurement of venous pressure (procedure):0.1367816091954024"
t0_row_05,action,Procedure,Angiography of coronary artery,33367005,Angiography of coronary artery (procedure),33367005,Angiography of coronary artery (procedure),1,1,ranked,True,True,True,True,,1,1:33367005:Angiography of coronary artery (procedure):1.0,1:33367005:Angiography of coronary artery (procedure):1.0 | 2:419997008:Magnetic resonance angiography of coronary artery (procedure):1.0 | 3:419416005:Fluoroscopic angiography of coronary artery with contrast (procedure):1.0 | 4:419545005:Computed tomography angiography of coronary artery with contrast (procedure):1.0 | 5:418982001:Fluoroscopic angiography of coronary artery with contrast and insertion of stent (procedure):1.0 | 6:1354587000:Percutaneous transluminal radiofrequency ablation of hypertrophy of myocardium of septal region of left ventricle with angiography of coronary artery (procedure):1.0 | 7:1354586009:Percutaneous transluminal ablation of hypertrophy of myocardium of septal region of left ventricle using alcohol with angiography of coronary artery (procedure):1.0 | 8:1354585008:Percutaneous transluminal ablation of hypertrophy of myocardium of septal region of left ventricle using chemical substance with angiography of coronary artery (procedure):1.0 | 9:287598009:Angiography of left coronary artery (procedure):1.0 | 10:72383008:Angiography of bilateral coronary arteries (procedure):1.0
t0_row_06,condition,Procedure,Myocardial revascularization,275227003,Myocardial revascularization (procedure),275227003,Myocardial revascularization (procedure),1,1,ranked,True,True,True,True,,1,1:275227003:Myocardial revascularization (procedure):1.0,"1:275227003:Myocardial revascularization (procedure):1.0 | 2:64432007:Radioisotope myocardial imaging procedure (procedure):0.9318918918918919 | 3:70627009:Myocardial resection (procedure):0.9099175392937016 | 4:41380003:Radioisotope scan for myocardial infarction (procedure):0.8652252252252253 | 5:56349004:Aorto-myocardial shunt (procedure):0.8652252252252253 | 6:113155009:Myocardial infarction education (procedure):0.8652252252252253 | 7:63670007:Myocardial imaging for infarct, planar technique (procedure):0.856891891891892 | 8:68882003:Replacement of electronic heart device, myocardial electrode (procedure):0.8518918918918919 | 9:79105008:Removal of electronic heart device, myocardial electrode (procedure):0.8518918918918919 | 10:41466009:Myocardial imaging for infarct with ejection fraction, first pass technique (procedure):0.8485585585585586"
t0_row_06,condition,ClinicalCondition,Chronic ischemic heart disease,413838009,Chronic ischemic heart disease (disorder),413838009,Chronic ischemic heart disease (disorder),1,1,ranked,True,True,True,True,,1,1:413838009:Chronic ischemic heart disease (disorder):1.0,1:413838009:Chronic ischemic heart disease (disorder):1.0 | 2:414545008:Ischemic heart disease (disorder):1.0 | 3:194828000:Angina (disorder):1.0 | 4:413439005:Acute ischemic heart disease (disorder):1.0 | 5:712866001:Resting ischemia co-occurrent and due to ischemic heart disease (disorder):1.0 | 6:129573006:Atherosclerotic occlusive disease (disorder):0.9051074649872035 | 7:472100003:Ischemic dilated cardiomyopathy due to coronary artery disease (disorder):0.8885653851411394 | 8:281091000:Ischemic myocardial dysfunction (disorder):0.8883144001147798 | 9:73235004:Chronic ischemic enteritis (disorder):0.8780733944954128 | 10:82196007:Vascular insufficiency of intestine (disorder):0.8780733944954128
t0_row_06,action,Procedure,Intracoronary pressure guide wire,371789009,Intracoronary pressure guide wire (physical object),431558000,Insertion of cardiac pressure wire using fluoroscopic guidance (procedure),0,,filtered_by_domain_roots,True,False,False,False,,0,,"1:431558000:Insertion of cardiac pressure wire using fluoroscopic guidance (procedure):0.49459770114942525 | 2:53178003:Esophagoscopy for insertion of wire to guide dilation (procedure):0.45120689655172413 | 3:261538006:Open intracoronary repair of coronary artery fistula (procedure):0.14367816091954028 | 4:384693001:Intracoronary artery thrombolytic infusion (procedure):0.14367816091954028 | 5:26906007:Application of dressing, pressure (procedure):0.1367816091954024 | 6:14393002:Wedge pressure determination (procedure):0.1367816091954024 | 7:14881004:Tonography with provocative tests (procedure):0.1367816091954024 | 8:20726006:Pressure measurement of sphincter of Oddi (procedure):0.1367816091954024 | 9:7677007:Consonant differential pressure test (procedure):0.1367816091954024 | 10:31724009:Measurement of venous pressure (procedure):0.1367816091954024"
t0_row_06,action,Procedure,Angiography of coronary artery,33367005,Angiography of coronary artery (procedure),33367005,Angiography of coronary artery (procedure),1,1,ranked,True,True,True,True,,1,1:33367005:Angiography of coronary artery (procedure):1.0,1:33367005:Angiography of coronary artery (procedure):1.0 | 2:419997008:Magnetic resonance angiography of coronary artery (procedure):1.0 | 3:419416005:Fluoroscopic angiography of coronary artery with contrast (procedure):1.0 | 4:419545005:Computed tomography angiography of coronary artery with contrast (procedure):1.0 | 5:418982001:Fluoroscopic angiography of coronary artery with contrast and insertion of stent (procedure):1.0 | 6:1354587000:Percutaneous transluminal radiofrequency ablation of hypertrophy of myocardium of septal region of left ventricle with angiography of coronary artery (procedure):1.0 | 7:1354586009:Percutaneous transluminal ablation of hypertrophy of myocardium of septal region of left ventricle using alcohol with angiography of coronary artery (procedure):1.0 | 8:1354585008:Percutaneous transluminal ablation of hypertrophy of myocardium of septal region of left ventricle using chemical substance with angiography of coronary artery (procedure):1.0 | 9:287598009:Angiography of left coronary artery (procedure):1.0 | 10:72383008:Angiography of bilateral coronary arteries (procedure):1.0
t1_row_01,condition,Procedure,Myocardial revascularization,275227003,Myocardial revascularization (procedure),275227003,Myocardial revascularization (procedure),1,1,ranked,True,True,True,True,,1,1:275227003:Myocardial revascularization (procedure):1.0,"1:275227003:Myocardial revascularization (procedure):1.0 | 2:64432007:Radioisotope myocardial imaging procedure (procedure):0.9318918918918919 | 3:70627009:Myocardial resection (procedure):0.9099175392937016 | 4:41380003:Radioisotope scan for myocardial infarction (procedure):0.8652252252252253 | 5:56349004:Aorto-myocardial shunt (procedure):0.8652252252252253 | 6:113155009:Myocardial infarction education (procedure):0.8652252252252253 | 7:63670007:Myocardial imaging for infarct, planar technique (procedure):0.856891891891892 | 8:68882003:Replacement of electronic heart device, myocardial electrode (procedure):0.8518918918918919 | 9:79105008:Removal of electronic heart device, myocardial electrode (procedure):0.8518918918918919 | 10:41466009:Myocardial imaging for infarct with ejection fraction, first pass technique (procedure):0.8485585585585586"
t1_row_01,condition,ClinicalCondition,Chronic ischemic heart disease,413838009,Chronic ischemic heart disease (disorder),413838009,Chronic ischemic heart disease (disorder),1,1,ranked,True,True,True,True,,1,1:413838009:Chronic ischemic heart disease (disorder):1.0,1:413838009:Chronic ischemic heart disease (disorder):1.0 | 2:414545008:Ischemic heart disease (disorder):1.0 | 3:194828000:Angina (disorder):1.0 | 4:413439005:Acute ischemic heart disease (disorder):1.0 | 5:712866001:Resting ischemia co-occurrent and due to ischemic heart disease (disorder):1.0 | 6:129573006:Atherosclerotic occlusive disease (disorder):0.9051074649872035 | 7:472100003:Ischemic dilated cardiomyopathy due to coronary artery disease (disorder):0.8885653851411394 | 8:281091000:Ischemic myocardial dysfunction (disorder):0.8883144001147798 | 9:73235004:Chronic ischemic enteritis (disorder):0.8780733944954128 | 10:82196007:Vascular insufficiency of intestine (disorder):0.8780733944954128
t1_row_01,action,Procedure,General characteristic of patient,363789004,General characteristic of patient (observable entity),7922000,General treatment (procedure),0,,filtered_by_domain_roots,True,False,False,False,,0,,"1:7922000:General treatment (procedure):0.6430240549828179 | 2:25656009:Physical examination, complete (procedure):0.3272852233676976 | 3:35613008:General gown technique (procedure):0.3272852233676976 | 4:28040002:General health panel (procedure):0.31061855670103095 | 5:18188000:Ophthalmoscopy under general anesthesia (procedure):0.3022852233676976 | 6:19673000:Manipulation of hip joint with general anesthesia (procedure):0.3022852233676976 | 7:18831004:Manipulation of knee joint under general anesthesia (procedure):0.2972852233676976 | 8:36609005:Rhinolaryngologic examination under general anesthesia (procedure):0.2972852233676976 | 9:8390008:Routine care of newborn (regime/therapy):0.2672852233676976 | 10:33758007:General night care of child (regime/therapy):0.2422852233676976"
t1_row_01,action,Procedure,Coronary artery structure,41801008,Coronary artery structure (body structure),31413008,Operative procedure on coronary artery (procedure),0,,filtered_by_domain_roots,True,False,False,False,,0,,1:31413008:Operative procedure on coronary artery (procedure):0.3851515151515152 | 2:33367005:Angiography of coronary artery (procedure):0.3851515151515152 | 3:45471009:Endoscopy of coronary artery (procedure):0.3851515151515152 | 4:20738002:Endarterectomy of coronary artery (procedure):0.3851515151515152 | 5:21057005:Manipulation of coronary artery (procedure):0.3851515151515152 | 6:24088005:Coronary artery atherectomy (procedure):0.3851515151515152 | 7:26942004:Destructive procedure of coronary artery (procedure):0.3851515151515152 | 8:32407002:Perfusion of coronary artery (procedure):0.3851515151515152 | 9:42481001:Excision of coronary artery (procedure):0.3851515151515152 | 10:119773008:Coronary artery reconstruction (procedure):0.3851515151515152
t1_row_01,action,Procedure,Left ventricular ejection fraction,250908004,Left ventricular ejection fraction (observable entity),46258004,Determination of ventricular ejection fraction with probe technique (procedure),0,,filtered_by_domain_roots,True,False,False,False,,0,,"1:46258004:Determination of ventricular ejection fraction with probe technique (procedure):0.8857144819665155 | 2:41466009:Myocardial imaging for infarct with ejection fraction, first pass technique (procedure):0.4160605356451278 | 3:15291005:Left ventricular recording (procedure):0.3743573748026336 | 4:233076006:Left ventricular operation (procedure):0.3743573748026336 | 5:28364006:Catheterization of left heart by ventricular puncture (procedure):0.35769070813596693 | 6:233088008:Left ventricular aneurysm plication (procedure):0.35769070813596693 | 7:31484008:Resection of left ventricle of heart (procedure):0.35769070813596693 | 8:174997007:Operations on the left ventricular outflow tract (procedure):0.3410240414693002 | 9:44354003:Catheterization of right heart and puncture of left ventricle (procedure):0.26435737480263355 | 10:43371006:Aneurysmectomy of ventricle of heart (procedure):0.13784913754580397"
t1_row_01,action,Procedure,Preferences,225773000,Preferences (qualifier value),225773000,Preferences (qualifier value),1,1,rescue_override,,,,,,1,1:225773000:Preferences (qualifier value):1.0,1:225773000:Preferences (qualifier value):1.0
t1_row_01,action,Procedure,Likely outcome,410596003,Likely outcome (qualifier value),67407003,Determination of outcome (procedure),0,,filtered_by_domain_roots,True,False,False,False,,0,,"1:67407003:Determination of outcome (procedure):0.5570807453416149 | 2:81611004:Retrospective audit (procedure):0.5570807453416149 | 3:20481000:Determination of prognosis (procedure):0.5570807453416149 | 4:445782003:Assessment using binary individualized outcome measure (procedure):0.5237474120082816 | 5:445989000:Assessment using hip disability and osteoarthritis outcome score (procedure):0.5237474120082816 | 6:445641006:Assessment using Disabilities of the Arm, Shoulder and Hand Outcome Measure (procedure):0.5237474120082816 | 7:445675007:Assessment using Quick Disabilities of the Arm, Shoulder and Hand Outcome Measure (procedure):0.5213664596273292"
t0_row_01,condition,ClinicalCondition,Coronary artery disease,53741008,Coronary arteriosclerosis (disorder),53741008,Coronary arteriosclerosis (disorder),1,1,ranked,True,True,True,True,,1,1:53741008:Coronary arteriosclerosis (disorder):1.0,1:53741008:Coronary arteriosclerosis (disorder):1.0 | 2:233844002:Accelerated coronary artery disease in transplanted heart (disorder):1.0 | 3:240567009:Syphilitic coronary artery disease (disorder):1.0 | 4:472100003:Ischemic dilated cardiomyopathy due to coronary artery disease (disorder):1.0 | 5:703273002:Heart failure with reduced ejection fraction due to coronary artery disease (disorder):1.0 | 6:16891151000119103:Coronary artery disease due to type 2 diabetes mellitus (disorder):1.0 | 7:16891191000119108:Coronary artery disease due to type 1 diabetes mellitus (disorder):1.0 | 8:726499301000119105:Myocardial infarction due to atherothrombotic coronary artery disease (disorder):1.0 | 9:414024009:Disorder of coronary artery (disorder):1.0 | 10:251015000:Coronary artery finding (finding):1.0
t0_row_01,condition,ClinicalCondition,Peripheral arterial disease,840580004,Peripheral arterial disease (disorder),840580004,Peripheral arterial disease (disorder),1,1,ranked,True,True,True,True,,1,1:840580004:Peripheral arterial disease (disorder):1.0,1:840580004:Peripheral arterial disease (disorder):1.0 | 2:399957001:Peripheral arterial occlusive disease (disorder):1.0 | 3:153911000119104:Peripheral arterial insufficiency (disorder):1.0 | 4:286959000:Peripheral arterial embolism (disorder):1.0 | 5:400047006:Peripheral vascular disease (disorder):0.5961173533083646 | 6:359557001:Disorder of artery (disorder):0.5904037588673073 | 7:25416002:Peripheral neuralgia (finding):0.5461797752808989 | 8:4249000:Poor peripheral circulation (disorder):0.5461797752808989 | 9:428171009:Pain at rest due to peripheral vascular disease (disorder):0.5461797752808989 | 10:30846001:Arterial bruit (finding):0.5338202247191011
t0_row_01,condition,ClinicalCondition,Finding of increased risk level,1255670000,Finding of increased risk level (finding),1255670000,Finding of increased risk level (finding),1,1,ranked,True,True,True,True,,1,1:1255670000:Finding of increased risk level (finding):1.0,1:1255670000:Finding of increased risk level (finding):1.0 | 2:129839007:At increased risk for falls (finding):0.8322448979591837 | 3:42427004:At increased risk for suffocation (finding):0.7822448979591836 | 4:45704003:At increased risk for noncompliance (finding):0.7822448979591836 | 5:78648007:At increased risk for infection (finding):0.7822448979591836 | 6:129691005:At increased risk for constipation (finding):0.7822448979591836 | 7:129692003:At increased risk for urge incontinence (finding):0.7822448979591836 | 8:129694002:At increased risk for disuse syndrome (finding):0.7822448979591836 | 9:129698004:At increased risk for loneliness (finding):0.7822448979591836 | 10:65108000:At increased risk for violence (finding):0.7822448979591836
t0_row_01,condition,ClinicalCondition,Myocardial ischemia,414795007,Myocardial ischemia (disorder),164862008,Electrocardiogram: no myocardial ischemia (finding),0,2,ranked,True,True,True,True,,2,1:164862008:Electrocardiogram: no myocardial ischemia (finding):1.0 | 2:414795007:Myocardial ischemia (disorder):1.0,1:164862008:Electrocardiogram: no myocardial ischemia (finding):1.0 | 2:414795007:Myocardial ischemia (disorder):1.0 | 3:276516009:Neonatal myocardial ischemia (disorder):1.0 | 4:164861001:Electrocardiographic myocardial ischemia (finding):1.0 | 5:35521000087104:Ischemia of myocardium of apex of heart (disorder):1.0 | 6:35571000087100:Ischemia of myocardium of posterolateral region (disorder):1.0 | 7:35501000087105:Ischemia of myocardium of anterolateral region (disorder):1.0 | 8:35541000087108:Ischemia of myocardium of inferior surface of left ventricle (disorder):1.0 | 9:35551000087106:Ischemia of myocardium of inferolateral region (disorder):1.0 | 10:1366348003:Myocardial ischemia due to coronary arteriosclerosis (disorder):1.0
t0_row_01,action,Medication,Rivaroxaban,442031002,Rivaroxaban (substance),442031002,Rivaroxaban (substance),1,1,ranked,True,True,True,True,,1,1:442031002:Rivaroxaban (substance):1.0,1:442031002:Rivaroxaban (substance):1.0 | 2:704472001:Product containing precisely rivaroxaban 10 milligram/1 each conventional release oral tablet (clinical drug):1.0 | 3:704473006:Product containing precisely rivaroxaban 15 milligram/1 each conventional release oral tablet (clinical drug):1.0 | 4:704474000:Product containing precisely rivaroxaban 20 milligram/1 each conventional release oral tablet (clinical drug):1.0 | 5:704475004:Product containing precisely rivaroxaban 2.5 milligram/1 each conventional release oral tablet (clinical drug):1.0 | 6:777455008:Product containing only rivaroxaban (medicinal product):1.0 | 7:768150008:Product containing rivaroxaban in oral dose form (medicinal product form):1.0 | 8:442539005:Product containing rivaroxaban (medicinal product):1.0 | 9:780387003:Product containing only rivaroxaban in oral dose form (medicinal product form):1.0 | 10:1260333003:Product containing precisely rivaroxaban 1 milligram/1 milliliter conventional release oral suspension (clinical drug):1.0
t0_row_01,action,Medication,Aspirin,387458008,Aspirin (substance),387458008,Aspirin (substance),1,1,ranked,True,True,True,True,,1,1:387458008:Aspirin (substance):1.0,1:387458008:Aspirin (substance):1.0 | 2:25796002:Aluminium aspirin (substance):1.0 | 3:319775004:Product containing precisely aspirin 75 milligram/1 each conventional release oral tablet (clinical drug):1.0 | 4:329525004:Product containing precisely aspirin 300 milligram/1 each conventional release oral tablet (clinical drug):1.0 | 5:370166004:Product containing precisely aspirin 325 milligram/1 each conventional release oral tablet (clinical drug):1.0 | 6:426365001:Buffered aspirin (substance):1.0 | 7:735135008:Aspirin DL-lysine (substance):1.0 | 8:322232006:Product containing precisely aspirin 300 milligram/1 each conventional release rectal suppository (clinical drug):1.0 | 9:370164001:Product containing precisely aspirin 81 milligram/1 each conventional release chewable tablet (clinical drug):1.0 | 10:370176001:Product containing precisely aspirin 120 milligram/1 each conventional release rectal suppository (clinical drug):1.0
t0_row_02,condition,ClinicalCondition,Myocardial infarction,22298006,Myocardial infarction (disorder),22298006,Myocardial infarction (disorder),1,1,rescue_override,,,,,,1,1:22298006:Myocardial infarction (disorder):1.0,1:22298006:Myocardial infarction (disorder):1.0
t0_row_02,condition,Medication,Drug therapy with explicit context,1290126002,Drug therapy with explicit context (situation),1290126002,Drug therapy with explicit context (situation),1,1,rescue_override,,,,,,1,1:1290126002:Drug therapy with explicit context (situation):1.0,1:1290126002:Drug therapy with explicit context (situation):1.0
t0_row_02,action,Medication,Clopidogrel,386952008,Clopidogrel (substance),386952008,Clopidogrel (substance),1,1,ranked,True,True,True,True,,1,1:386952008:Clopidogrel (substance):1.0,1:386952008:Clopidogrel (substance):1.0 | 2:734972007:Clopidogrel besilate (substance):1.0 | 3:775314005:Product containing only clopidogrel (medicinal product):1.0 | 4:778817005:Product containing only clopidogrel in oral dose form (medicinal product form):1.0 | 5:412354008:Clopidogrel bisulfate (substance):1.0 | 6:734471009:Clopidogrel hydrochloride (substance):1.0 | 7:714142006:Product containing clopidogrel in oral dose form (medicinal product form):1.0 | 8:1137312001:Product containing precisely clopidogrel (as clopidogrel hydrochloride) 75 milligram/1 each conventional release oral tablet (clinical drug):1.0 | 9:1137314000:Product containing precisely clopidogrel (as clopidogrel besilate) 75 milligram/1 each conventional release oral tablet (clinical drug):1.0 | 10:1204236005:Product containing only atorvastatin and clopidogrel (medicinal product):1.0
t0_row_02,action,Medication,Aspirin,387458008,Aspirin (substance),387458008,Aspirin (substance),1,1,ranked,True,True,True,True,,1,1:387458008:Aspirin (substance):1.0,1:387458008:Aspirin (substance):1.0 | 2:25796002:Aluminium aspirin (substance):1.0 | 3:319775004:Product containing precisely aspirin 75 milligram/1 each conventional release oral tablet (clinical drug):1.0 | 4:329525004:Product containing precisely aspirin 300 milligram/1 each conventional release oral tablet (clinical drug):1.0 | 5:370166004:Product containing precisely aspirin 325 milligram/1 each conventional release oral tablet (clinical drug):1.0 | 6:426365001:Buffered aspirin (substance):1.0 | 7:735135008:Aspirin DL-lysine (substance):1.0 | 8:322232006:Product containing precisely aspirin 300 milligram/1 each conventional release rectal suppository (clinical drug):1.0 | 9:370164001:Product containing precisely aspirin 81 milligram/1 each conventional release chewable tablet (clinical drug):1.0 | 10:370176001:Product containing precisely aspirin 120 milligram/1 each conventional release rectal suppository (clinical drug):1.0
t0_row_03,condition,ClinicalCondition,Myocardial infarction,22298006,Myocardial infarction (disorder),22298006,Myocardial infarction (disorder),1,1,rescue_override,,,,,,1,1:22298006:Myocardial infarction (disorder):1.0,1:22298006:Myocardial infarction (disorder):1.0
t0_row_03,condition,Procedure,Percutaneous coronary revascularization,415070008,Percutaneous transluminal coronary intervention using imaging guidance with contrast (procedure),415070008,Percutaneous transluminal coronary intervention using imaging guidance with contrast (procedure),1,1,rescue_override,,,,,,1,1:415070008:Percutaneous transluminal coronary intervention using imaging guidance with contrast (procedure):1.0,1:415070008:Percutaneous transluminal coronary intervention using imaging guidance with contrast (procedure):1.0
t0_row_03,condition,Medication,Drug therapy with explicit context,1290126002,Drug therapy with explicit context (situation),1290126002,Drug therapy with explicit context (situation),1,1,rescue_override,,,,,,1,1:1290126002:Drug therapy with explicit context (situation):1.0,1:1290126002:Drug therapy with explicit context (situation):1.0
t0_row_03,action,Medication,Prasugrel,443129001,Prasugrel (substance),1149423007,Prasugrel besilate (substance),0,2,ranked,True,True,True,True,,2,1:1149423007:Prasugrel besilate (substance):1.0 | 2:443129001:Prasugrel (substance):1.0,1:1149423007:Prasugrel besilate (substance):1.0 | 2:443129001:Prasugrel (substance):1.0 | 3:735166002:Prasugrel hydrochloride (substance):1.0 | 4:783368008:Product containing precisely prasugrel (as prasugrel hydrochloride) 10 milligram/1 each conventional release oral tablet (clinical drug):1.0 | 5:1149422002:Product containing precisely prasugrel (as prasugrel besilate) 10 milligram/1 each conventional release oral tablet (clinical drug):1.0 | 6:1217508004:Prasugrel hydrobromide (substance):1.0 | 7:443312008:Product containing prasugrel (medicinal product):1.0 | 8:768228004:Product containing prasugrel in oral dose form (medicinal product form):1.0 | 9:777298009:Product containing only prasugrel (medicinal product):1.0 | 10:780274006:Product containing only prasugrel in oral dose form (medicinal product form):1.0
t0_row_03,action,Medication,Aspirin,387458008,Aspirin (substance),387458008,Aspirin (substance),1,1,ranked,True,True,True,True,,1,1:387458008:Aspirin (substance):1.0,1:387458008:Aspirin (substance):1.0 | 2:25796002:Aluminium aspirin (substance):1.0 | 3:319775004:Product containing precisely aspirin 75 milligram/1 each conventional release oral tablet (clinical drug):1.0 | 4:329525004:Product containing precisely aspirin 300 milligram/1 each conventional release oral tablet (clinical drug):1.0 | 5:370166004:Product containing precisely aspirin 325 milligram/1 each conventional release oral tablet (clinical drug):1.0 | 6:426365001:Buffered aspirin (substance):1.0 | 7:735135008:Aspirin DL-lysine (substance):1.0 | 8:322232006:Product containing precisely aspirin 300 milligram/1 each conventional release rectal suppository (clinical drug):1.0 | 9:370164001:Product containing precisely aspirin 81 milligram/1 each conventional release chewable tablet (clinical drug):1.0 | 10:370176001:Product containing precisely aspirin 120 milligram/1 each conventional release rectal suppository (clinical drug):1.0
t0_row_04,condition,ClinicalCondition,Chronic ischemic heart disease,413838009,Chronic ischemic heart disease (disorder),413838009,Chronic ischemic heart disease (disorder),1,1,ranked,True,True,True,True,,1,1:413838009:Chronic ischemic heart disease (disorder):1.0,1:413838009:Chronic ischemic heart disease (disorder):1.0 | 2:414545008:Ischemic heart disease (disorder):1.0 | 3:194828000:Angina (disorder):1.0 | 4:413439005:Acute ischemic heart disease (disorder):1.0 | 5:712866001:Resting ischemia co-occurrent and due to ischemic heart disease (disorder):1.0 | 6:129573006:Atherosclerotic occlusive disease (disorder):0.9051074649872035 | 7:472100003:Ischemic dilated cardiomyopathy due to coronary artery disease (disorder):0.8885653851411394 | 8:281091000:Ischemic myocardial dysfunction (disorder):0.8883144001147798 | 9:73235004:Chronic ischemic enteritis (disorder):0.8780733944954128 | 10:82196007:Vascular insufficiency of intestine (disorder):0.8780733944954128
t0_row_04,condition,ClinicalCondition,Myocardial infarction,22298006,Myocardial infarction (disorder),22298006,Myocardial infarction (disorder),1,1,rescue_override,,,,,,1,1:22298006:Myocardial infarction (disorder):1.0,1:22298006:Myocardial infarction (disorder):1.0
t0_row_04,condition,Medication,Drug therapy with explicit context,1290126002,Drug therapy with explicit context (situation),1290126002,Drug therapy with explicit context (situation),1,1,rescue_override,,,,,,1,1:1290126002:Drug therapy with explicit context (situation):1.0,1:1290126002:Drug therapy with explicit context (situation):1.0
t0_row_04,action,Medication,Ticagrelor,698805004,Ticagrelor (substance),698805004,Ticagrelor (substance),1,1,ranked,True,True,True,True,,1,1:698805004:Ticagrelor (substance):1.0,1:698805004:Ticagrelor (substance):1.0 | 2:704465002:Product containing precisely ticagrelor 90 milligram/1 each conventional release oral tablet (clinical drug):1.0 | 3:777766002:Product containing only ticagrelor (medicinal product):1.0 | 4:768197009:Product containing ticagrelor in oral dose form (medicinal product form):1.0 | 5:1179440007:Product containing precisely ticagrelor 90 milligram/1 each conventional release orodispersible tablet (clinical drug):1.0 | 6:704464003:Product containing ticagrelor (medicinal product):1.0 | 7:780632009:Product containing only ticagrelor in oral dose form (medicinal product form):1.0 | 8:1179441006:Product containing ticagrelor in oromucosal dose form (medicinal product form):1.0 | 9:1179442004:Product containing only ticagrelor in oromucosal dose form (medicinal product form):1.0 | 10:1010542009:Product containing precisely ticagrelor 60 milligram/1 each conventional release oral tablet (clinical drug):1.0
t0_row_04,action,Medication,Aspirin,387458008,Aspirin (substance),387458008,Aspirin (substance),1,1,ranked,True,True,True,True,,1,1:387458008:Aspirin (substance):1.0,1:387458008:Aspirin (substance):1.0 | 2:25796002:Aluminium aspirin (substance):1.0 | 3:319775004:Product containing precisely aspirin 75 milligram/1 each conventional release oral tablet (clinical drug):1.0 | 4:329525004:Product containing precisely aspirin 300 milligram/1 each conventional release oral tablet (clinical drug):1.0 | 5:370166004:Product containing precisely aspirin 325 milligram/1 each conventional release oral tablet (clinical drug):1.0 | 6:426365001:Buffered aspirin (substance):1.0 | 7:735135008:Aspirin DL-lysine (substance):1.0 | 8:322232006:Product containing precisely aspirin 300 milligram/1 each conventional release rectal suppository (clinical drug):1.0 | 9:370164001:Product containing precisely aspirin 81 milligram/1 each conventional release chewable tablet (clinical drug):1.0 | 10:370176001:Product containing precisely aspirin 120 milligram/1 each conventional release rectal suppository (clinical drug):1.0
t0_row_01,condition,ClinicalCondition,Chronic ischemic heart disease,413838009,Chronic ischemic heart disease (disorder),413838009,Chronic ischemic heart disease (disorder),1,1,ranked,True,True,True,True,,1,1:413838009:Chronic ischemic heart disease (disorder):1.0,1:413838009:Chronic ischemic heart disease (disorder):1.0 | 2:414545008:Ischemic heart disease (disorder):1.0 | 3:194828000:Angina (disorder):1.0 | 4:413439005:Acute ischemic heart disease (disorder):1.0 | 5:712866001:Resting ischemia co-occurrent and due to ischemic heart disease (disorder):1.0 | 6:129573006:Atherosclerotic occlusive disease (disorder):0.9051074649872035 | 7:472100003:Ischemic dilated cardiomyopathy due to coronary artery disease (disorder):0.8885653851411394 | 8:281091000:Ischemic myocardial dysfunction (disorder):0.8883144001147798 | 9:73235004:Chronic ischemic enteritis (disorder):0.8780733944954128 | 10:82196007:Vascular insufficiency of intestine (disorder):0.8780733944954128
t0_row_01,condition,ClinicalCondition,Old myocardial infarction,1755008,Old myocardial infarction (disorder),1755008,Old myocardial infarction (disorder),1,1,ranked,True,True,True,True,,1,1:1755008:Old myocardial infarction (disorder):1.0,1:1755008:Old myocardial infarction (disorder):1.0 | 2:164867002:Electrocardiographic old myocardial infarction (finding):1.0 | 3:233839009:Old anterior myocardial infarction (disorder):1.0 | 4:35401000087106:Old infarct of myocardium of apex of heart (disorder):1.0 | 5:233841005:Old lateral myocardial infarction (disorder):1.0 | 6:35431000087103:Old infarct of high lateral wall of myocardium (disorder):1.0 | 7:35441000087109:Old infarct of myocardium of posterolateral region (disorder):1.0 | 8:35451000087107:Old infarct of myocardium of ventricular septum (disorder):1.0 | 9:22298006:Myocardial infarction (disorder):0.9887220637445097 | 10:164866006:Electrocardiogram: no myocardial infarction (finding):0.8681481481481482
t0_row_01,action,Medication,Clopidogrel,386952008,Clopidogrel (substance),386952008,Clopidogrel (substance),1,1,ranked,True,True,True,True,,1,1:386952008:Clopidogrel (substance):1.0,1:386952008:Clopidogrel (substance):1.0 | 2:734972007:Clopidogrel besilate (substance):1.0 | 3:775314005:Product containing only clopidogrel (medicinal product):1.0 | 4:778817005:Product containing only clopidogrel in oral dose form (medicinal product form):1.0 | 5:412354008:Clopidogrel bisulfate (substance):1.0 | 6:734471009:Clopidogrel hydrochloride (substance):1.0 | 7:714142006:Product containing clopidogrel in oral dose form (medicinal product form):1.0 | 8:1137312001:Product containing precisely clopidogrel (as clopidogrel hydrochloride) 75 milligram/1 each conventional release oral tablet (clinical drug):1.0 | 9:1137314000:Product containing precisely clopidogrel (as clopidogrel besilate) 75 milligram/1 each conventional release oral tablet (clinical drug):1.0 | 10:1204236005:Product containing only atorvastatin and clopidogrel (medicinal product):1.0
t0_row_02,condition,ClinicalCondition,Old myocardial infarction,1755008,Old myocardial infarction (disorder),1755008,Old myocardial infarction (disorder),1,1,ranked,True,True,True,True,,1,1:1755008:Old myocardial infarction (disorder):1.0,1:1755008:Old myocardial infarction (disorder):1.0 | 2:164867002:Electrocardiographic old myocardial infarction (finding):1.0 | 3:233839009:Old anterior myocardial infarction (disorder):1.0 | 4:35401000087106:Old infarct of myocardium of apex of heart (disorder):1.0 | 5:233841005:Old lateral myocardial infarction (disorder):1.0 | 6:35431000087103:Old infarct of high lateral wall of myocardium (disorder):1.0 | 7:35441000087109:Old infarct of myocardium of posterolateral region (disorder):1.0 | 8:35451000087107:Old infarct of myocardium of ventricular septum (disorder):1.0 | 9:22298006:Myocardial infarction (disorder):0.9887220637445097 | 10:164866006:Electrocardiogram: no myocardial infarction (finding):0.8681481481481482
t0_row_02,condition,Procedure,Repair of coronary artery,713689002,Repair of coronary artery (procedure),713689002,Repair of coronary artery (procedure),1,1,ranked,True,True,True,True,,1,1:713689002:Repair of coronary artery (procedure):1.0,1:713689002:Repair of coronary artery (procedure):1.0 | 2:1871002:Repair of aneurysm of coronary artery (procedure):1.0 | 3:232736004:Open operation for coronary artery fistula (procedure):1.0 | 4:384681005:Patch repair of coronary artery (procedure):1.0 | 5:261538006:Open intracoronary repair of coronary artery fistula (procedure):1.0 | 6:426104007:Repair of rupture of coronary artery (procedure):1.0 | 7:427109009:Repair of arteriovenous malformation of coronary artery (procedure):1.0 | 8:67727001:Repair of artery with suture (procedure):0.9385852273305256 | 9:37884009:Repair of artery of thorax and abdomen (procedure):0.9217122308413188 | 10:303161001:Patch repair of carotid artery (procedure):0.9200442330042521
t0_row_02,condition,ClinicalCondition,Coronary artery disease,53741008,Coronary arteriosclerosis (disorder),53741008,Coronary arteriosclerosis (disorder),1,1,ranked,True,True,True,True,,1,1:53741008:Coronary arteriosclerosis (disorder):1.0,1:53741008:Coronary arteriosclerosis (disorder):1.0 | 2:233844002:Accelerated coronary artery disease in transplanted heart (disorder):1.0 | 3:240567009:Syphilitic coronary artery disease (disorder):1.0 | 4:472100003:Ischemic dilated cardiomyopathy due to coronary artery disease (disorder):1.0 | 5:703273002:Heart failure with reduced ejection fraction due to coronary artery disease (disorder):1.0 | 6:16891151000119103:Coronary artery disease due to type 2 diabetes mellitus (disorder):1.0 | 7:16891191000119108:Coronary artery disease due to type 1 diabetes mellitus (disorder):1.0 | 8:726499301000119105:Myocardial infarction due to atherothrombotic coronary artery disease (disorder):1.0 | 9:414024009:Disorder of coronary artery (disorder):1.0 | 10:251015000:Coronary artery finding (finding):1.0
t0_row_03,condition,ClinicalCondition,Acute coronary syndrome,394659003,Acute coronary syndrome (disorder),413439005,Acute ischemic heart disease (disorder),0,,filtered_by_domain_roots,True,False,False,False,,0,,1:413439005:Acute ischemic heart disease (disorder):1.0 | 2:1204153007:Acute dissection of coronary artery (disorder):1.0 | 3:17531000119105:Acute myocardial infarction due to left coronary artery occlusion (disorder):1.0 | 4:408863003:At increased risk for acute ischemic cardiac event (finding):0.9711765188468862 | 5:127337006:Acute heart disease (disorder):0.8629011634000628 | 6:364006:Acute left-sided heart failure (disorder):0.7962344967333962 | 7:10633002:Acute congestive heart failure (disorder):0.7962344967333962 | 8:2704003:Acute disease (disorder):0.7125563358138559 | 9:297009:Acute myringitis (disorder):0.662556335813856 | 10:360002:Acute radiation disease (disorder):0.662556335813856
t0_row_03,condition,Medication,Ticagrelor,698805004,Ticagrelor (substance),698805004,Ticagrelor (substance),1,1,ranked,True,True,True,True,,1,1:698805004:Ticagrelor (substance):1.0,1:698805004:Ticagrelor (substance):1.0 | 2:704465002:Product containing precisely ticagrelor 90 milligram/1 each conventional release oral tablet (clinical drug):1.0 | 3:777766002:Product containing only ticagrelor (medicinal product):1.0 | 4:768197009:Product containing ticagrelor in oral dose form (medicinal product form):1.0 | 5:1179440007:Product containing precisely ticagrelor 90 milligram/1 each conventional release orodispersible tablet (clinical drug):1.0 | 6:704464003:Product containing ticagrelor (medicinal product):1.0 | 7:780632009:Product containing only ticagrelor in oral dose form (medicinal product form):1.0 | 8:1179441006:Product containing ticagrelor in oromucosal dose form (medicinal product form):1.0 | 9:1179442004:Product containing only ticagrelor in oromucosal dose form (medicinal product form):1.0 | 10:1010542009:Product containing precisely ticagrelor 60 milligram/1 each conventional release oral tablet (clinical drug):1.0
t0_row_03,condition,ClinicalCondition,Finding of increased risk level,1255670000,Finding of increased risk level (finding),1255670000,Finding of increased risk level (finding),1,1,ranked,True,True,True,True,,1,1:1255670000:Finding of increased risk level (finding):1.0,1:1255670000:Finding of increased risk level (finding):1.0 | 2:129839007:At increased risk for falls (finding):0.8322448979591837 | 3:42427004:At increased risk for suffocation (finding):0.7822448979591836 | 4:45704003:At increased risk for noncompliance (finding):0.7822448979591836 | 5:78648007:At increased risk for infection (finding):0.7822448979591836 | 6:129691005:At increased risk for constipation (finding):0.7822448979591836 | 7:129692003:At increased risk for urge incontinence (finding):0.7822448979591836 | 8:129694002:At increased risk for disuse syndrome (finding):0.7822448979591836 | 9:129698004:At increased risk for loneliness (finding):0.7822448979591836 | 10:65108000:At increased risk for violence (finding):0.7822448979591836
t0_row_03,condition,ClinicalCondition,Myocardial ischemia,414795007,Myocardial ischemia (disorder),164862008,Electrocardiogram: no myocardial ischemia (finding),0,2,ranked,True,True,True,True,,2,1:164862008:Electrocardiogram: no myocardial ischemia (finding):1.0 | 2:414795007:Myocardial ischemia (disorder):1.0,1:164862008:Electrocardiogram: no myocardial ischemia (finding):1.0 | 2:414795007:Myocardial ischemia (disorder):1.0 | 3:276516009:Neonatal myocardial ischemia (disorder):1.0 | 4:164861001:Electrocardiographic myocardial ischemia (finding):1.0 | 5:35521000087104:Ischemia of myocardium of apex of heart (disorder):1.0 | 6:35571000087100:Ischemia of myocardium of posterolateral region (disorder):1.0 | 7:35501000087105:Ischemia of myocardium of anterolateral region (disorder):1.0 | 8:35541000087108:Ischemia of myocardium of inferior surface of left ventricle (disorder):1.0 | 9:35551000087106:Ischemia of myocardium of inferolateral region (disorder):1.0 | 10:1366348003:Myocardial ischemia due to coronary arteriosclerosis (disorder):1.0
t0_row_03,condition,ClinicalCondition,At high risk for bleeding,711536002,At high risk for bleeding (finding),711536002,At high risk for bleeding (finding),1,1,ranked,True,True,True,True,,1,1:711536002:At high risk for bleeding (finding):1.0,1:711536002:At high risk for bleeding (finding):1.0 | 2:1144302003:At high risk of bleeding due to vitamin K epoxide reductase complex 1 rapid metabolizer (finding):1.0 | 3:131148009:Bleeding (finding):0.5223456790123457 | 4:26322001:Bleeding from ear (disorder):0.5223456790123457 | 5:74474003:Gastrointestinal hemorrhage (disorder):0.5223456790123457 | 6:86276007:Bleeding gums (finding):0.5223456790123457 | 7:6072007:Bleeding from anus (disorder):0.5223456790123457 | 8:47821001:Postpartum hemorrhage (disorder):0.47234567901234575 | 9:22490002:Bleeding of mouth (finding):0.47234567901234575 | 10:12063002:Rectal hemorrhage (disorder):0.47234567901234575
t0_row_03,action,Medication,Ticagrelor,698805004,Ticagrelor (substance),698805004,Ticagrelor (substance),1,1,ranked,True,True,True,True,,1,1:698805004:Ticagrelor (substance):1.0,1:698805004:Ticagrelor (substance):1.0 | 2:704465002:Product containing precisely ticagrelor 90 milligram/1 each conventional release oral tablet (clinical drug):1.0 | 3:777766002:Product containing only ticagrelor (medicinal product):1.0 | 4:768197009:Product containing ticagrelor in oral dose form (medicinal product form):1.0 | 5:1179440007:Product containing precisely ticagrelor 90 milligram/1 each conventional release orodispersible tablet (clinical drug):1.0 | 6:704464003:Product containing ticagrelor (medicinal product):1.0 | 7:780632009:Product containing only ticagrelor in oral dose form (medicinal product form):1.0 | 8:1179441006:Product containing ticagrelor in oromucosal dose form (medicinal product form):1.0 | 9:1179442004:Product containing only ticagrelor in oromucosal dose form (medicinal product form):1.0 | 10:1010542009:Product containing precisely ticagrelor 60 milligram/1 each conventional release oral tablet (clinical drug):1.0
t1_row_01,condition,ClinicalCondition,Use of anticoagulation,260678004,Use of anticoagulation (attribute),260678004,Use of anticoagulation (attribute),1,1,rescue_override,,,,,,1,1:260678004:Use of anticoagulation (attribute):1.0,1:260678004:Use of anticoagulation (attribute):1.0
t1_row_01,condition,ClinicalCondition,Indication of,230165009,Indication of (contextual qualifier) (qualifier value),230165009,Indication of (contextual qualifier) (qualifier value),1,1,rescue_override,,,,,,1,1:230165009:Indication of (contextual qualifier) (qualifier value):1.0,1:230165009:Indication of (contextual qualifier) (qualifier value):1.0
t1_row_01,condition,Procedure,Percutaneous coronary revascularization,415070008,Percutaneous transluminal coronary intervention using imaging guidance with contrast (procedure),415070008,Percutaneous transluminal coronary intervention using imaging guidance with contrast (procedure),1,1,rescue_override,,,,,,1,1:415070008:Percutaneous transluminal coronary intervention using imaging guidance with contrast (procedure):1.0,1:415070008:Percutaneous transluminal coronary intervention using imaging guidance with contrast (procedure):1.0
t1_row_01,condition,ClinicalCondition,Finding of increased risk level,1255670000,Finding of increased risk level (finding),1255670000,Finding of increased risk level (finding),1,1,ranked,True,True,True,True,,1,1:1255670000:Finding of increased risk level (finding):1.0,1:1255670000:Finding of increased risk level (finding):1.0 | 2:129839007:At increased risk for falls (finding):0.8322448979591837 | 3:42427004:At increased risk for suffocation (finding):0.7822448979591836 | 4:45704003:At increased risk for noncompliance (finding):0.7822448979591836 | 5:78648007:At increased risk for infection (finding):0.7822448979591836 | 6:129691005:At increased risk for constipation (finding):0.7822448979591836 | 7:129692003:At increased risk for urge incontinence (finding):0.7822448979591836 | 8:129694002:At increased risk for disuse syndrome (finding):0.7822448979591836 | 9:129698004:At increased risk for loneliness (finding):0.7822448979591836 | 10:65108000:At increased risk for violence (finding):0.7822448979591836
t1_row_01,condition,ClinicalCondition,Myocardial ischemia,414795007,Myocardial ischemia (disorder),164862008,Electrocardiogram: no myocardial ischemia (finding),0,2,ranked,True,True,True,True,,2,1:164862008:Electrocardiogram: no myocardial ischemia (finding):1.0 | 2:414795007:Myocardial ischemia (disorder):1.0,1:164862008:Electrocardiogram: no myocardial ischemia (finding):1.0 | 2:414795007:Myocardial ischemia (disorder):1.0 | 3:276516009:Neonatal myocardial ischemia (disorder):1.0 | 4:164861001:Electrocardiographic myocardial ischemia (finding):1.0 | 5:35521000087104:Ischemia of myocardium of apex of heart (disorder):1.0 | 6:35571000087100:Ischemia of myocardium of posterolateral region (disorder):1.0 | 7:35501000087105:Ischemia of myocardium of anterolateral region (disorder):1.0 | 8:35541000087108:Ischemia of myocardium of inferior surface of left ventricle (disorder):1.0 | 9:35551000087106:Ischemia of myocardium of inferolateral region (disorder):1.0 | 10:1366348003:Myocardial ischemia due to coronary arteriosclerosis (disorder):1.0
t1_row_01,condition,ClinicalCondition,At high risk for bleeding,711536002,At high risk for bleeding (finding),711536002,At high risk for bleeding (finding),1,1,ranked,True,True,True,True,,1,1:711536002:At high risk for bleeding (finding):1.0,1:711536002:At high risk for bleeding (finding):1.0 | 2:1144302003:At high risk of bleeding due to vitamin K epoxide reductase complex 1 rapid metabolizer (finding):1.0 | 3:131148009:Bleeding (finding):0.5223456790123457 | 4:26322001:Bleeding from ear (disorder):0.5223456790123457 | 5:74474003:Gastrointestinal hemorrhage (disorder):0.5223456790123457 | 6:86276007:Bleeding gums (finding):0.5223456790123457 | 7:6072007:Bleeding from anus (disorder):0.5223456790123457 | 8:47821001:Postpartum hemorrhage (disorder):0.47234567901234575 | 9:22490002:Bleeding of mouth (finding):0.47234567901234575 | 10:12063002:Rectal hemorrhage (disorder):0.47234567901234575
t1_row_01,action,Medication,Drug therapy with explicit context,1290126002,Drug therapy with explicit context (situation),1290126002,Drug therapy with explicit context (situation),1,1,rescue_override,,,,,,1,1:1290126002:Drug therapy with explicit context (situation):1.0,1:1290126002:Drug therapy with explicit context (situation):1.0
t1_row_01,action,Medication,Platelet aggregation inhibitor therapy,840595002,Platelet aggregation inhibitor therapy (procedure),771452004,Substance with platelet aggregation inhibitor mechanism of action (substance),0,,filtered_by_domain_roots,True,False,False,False,,0,,1:771452004:Substance with platelet aggregation inhibitor mechanism of action (substance):1.0 | 2:773388004:Product containing platelet aggregation inhibitor (product):1.0 | 3:19182005:C>5b67< inhibitor (substance):0.242560553633218 | 4:2680002:Factor XIII antibody (substance):0.192560553633218 | 5:10955007:Factor X antibody (substance):0.192560553633218 | 6:20752000:Prothrombin antibody (substance):0.192560553633218 | 7:22635004:Factor V antibody (substance):0.192560553633218 | 8:36020009:Factor IX antibody (substance):0.192560553633218 | 9:36712003:Factor XII antibody (substance):0.192560553633218 | 10:54195002:Tissue factor antibody (substance):0.192560553633218
t1_row_02,condition,ClinicalCondition,Chronic ischemic heart disease,413838009,Chronic ischemic heart disease (disorder),413838009,Chronic ischemic heart disease (disorder),1,1,ranked,True,True,True,True,,1,1:413838009:Chronic ischemic heart disease (disorder):1.0,1:413838009:Chronic ischemic heart disease (disorder):1.0 | 2:414545008:Ischemic heart disease (disorder):1.0 | 3:194828000:Angina (disorder):1.0 | 4:413439005:Acute ischemic heart disease (disorder):1.0 | 5:712866001:Resting ischemia co-occurrent and due to ischemic heart disease (disorder):1.0 | 6:129573006:Atherosclerotic occlusive disease (disorder):0.9051074649872035 | 7:472100003:Ischemic dilated cardiomyopathy due to coronary artery disease (disorder):0.8885653851411394 | 8:281091000:Ischemic myocardial dysfunction (disorder):0.8883144001147798 | 9:73235004:Chronic ischemic enteritis (disorder):0.8780733944954128 | 10:82196007:Vascular insufficiency of intestine (disorder):0.8780733944954128
t1_row_02,condition,ClinicalCondition,Use of anticoagulation,260678004,Use of anticoagulation (attribute),260678004,Use of anticoagulation (attribute),1,1,rescue_override,,,,,,1,1:260678004:Use of anticoagulation (attribute):1.0,1:260678004:Use of anticoagulation (attribute):1.0
t1_row_02,condition,ClinicalCondition,Indication of,230165009,Indication of (contextual qualifier) (qualifier value),230165009,Indication of (contextual qualifier) (qualifier value),1,1,rescue_override,,,,,,1,1:230165009:Indication of (contextual qualifier) (qualifier value):1.0,1:230165009:Indication of (contextual qualifier) (qualifier value):1.0
t1_row_02,condition,Procedure,Finding of increased risk level,1255670000,Finding of increased risk level (finding),48696000,Provocative test for increased intraocular pressure for glaucoma (procedure),0,,filtered_by_domain_roots,True,False,False,False,,0,,"1:48696000:Provocative test for increased intraocular pressure for glaucoma (procedure):0.19265306122448983 | 2:7992005:Quantitative anti-deoxyribonucleic acid antibody measurement (procedure):0.17775510204081646 | 3:389000:Tobramycin measurement (procedure):0.17775510204081646 | 4:489004:Ferritin measurement (procedure):0.17775510204081646 | 5:1550000:Amikacin measurement (procedure):0.17775510204081646 | 6:4475004:Cyanide measurement (procedure):0.17775510204081646 | 7:5113004:T4 free measurement (procedure):0.17775510204081646 | 8:6690007:Sulfonamide measurement (procedure):0.17775510204081646 | 9:12652004:Zinc measurement, urine (procedure):0.17775510204081646 | 10:14740000:Triglycerides measurement (procedure):0.17775510204081646"
t1_row_02,condition,Procedure,Placement of stent in coronary artery,36969009,Placement of stent in coronary artery (procedure),36969009,Placement of stent in coronary artery (procedure),1,1,ranked,True,True,True,True,,1,1:36969009:Placement of stent in coronary artery (procedure):1.0,1:36969009:Placement of stent in coronary artery (procedure):1.0 | 2:429499003:Placement of stent in circumflex branch of left coronary artery (procedure):1.0 | 3:428488008:Placement of stent in anterior descending branch of left coronary artery (procedure):1.0 | 4:726011000:Placement of stent in coronary artery bypass graft (procedure):1.0 | 5:449389000:Placement of stent in cardiac conduit (procedure):0.8919914158669913 | 6:38544005:Placement of choledochal stent (procedure):0.88130081300813 | 7:429639007:Percutaneous transluminal balloon angioplasty with insertion of stent into coronary artery using fluoroscopic guidance with contrast (procedure):0.5937398373983739 | 8:609153008:Percutaneous transluminal angioplasty with insertion of drug-eluting stent into coronary artery using fluoroscopic guidance with contrast (procedure):0.5913588850174215 | 9:1222673007:Percutaneous transluminal angioplasty with insertion of drug-eluting stent into left main artery coronary artery using fluoroscopic guidance with contrast (procedure):0.5913588850174215 | 10:609154002:Percutaneous transluminal insertion of metal stent into coronary artery using fluoroscopic guidance with contrast (procedure):0.5895731707317072
t1_row_02,action,Medication,Prasugrel,443129001,Prasugrel (substance),1149423007,Prasugrel besilate (substance),0,2,ranked,True,True,True,True,,2,1:1149423007:Prasugrel besilate (substance):1.0 | 2:443129001:Prasugrel (substance):1.0,1:1149423007:Prasugrel besilate (substance):1.0 | 2:443129001:Prasugrel (substance):1.0 | 3:735166002:Prasugrel hydrochloride (substance):1.0 | 4:783368008:Product containing precisely prasugrel (as prasugrel hydrochloride) 10 milligram/1 each conventional release oral tablet (clinical drug):1.0 | 5:1149422002:Product containing precisely prasugrel (as prasugrel besilate) 10 milligram/1 each conventional release oral tablet (clinical drug):1.0 | 6:1217508004:Prasugrel hydrobromide (substance):1.0 | 7:443312008:Product containing prasugrel (medicinal product):1.0 | 8:768228004:Product containing prasugrel in oral dose form (medicinal product form):1.0 | 9:777298009:Product containing only prasugrel (medicinal product):1.0 | 10:780274006:Product containing only prasugrel in oral dose form (medicinal product form):1.0
t1_row_02,action,Medication,Ticagrelor,698805004,Ticagrelor (substance),698805004,Ticagrelor (substance),1,1,ranked,True,True,True,True,,1,1:698805004:Ticagrelor (substance):1.0,1:698805004:Ticagrelor (substance):1.0 | 2:704465002:Product containing precisely ticagrelor 90 milligram/1 each conventional release oral tablet (clinical drug):1.0 | 3:777766002:Product containing only ticagrelor (medicinal product):1.0 | 4:768197009:Product containing ticagrelor in oral dose form (medicinal product form):1.0 | 5:1179440007:Product containing precisely ticagrelor 90 milligram/1 each conventional release orodispersible tablet (clinical drug):1.0 | 6:704464003:Product containing ticagrelor (medicinal product):1.0 | 7:780632009:Product containing only ticagrelor in oral dose form (medicinal product form):1.0 | 8:1179441006:Product containing ticagrelor in oromucosal dose form (medicinal product form):1.0 | 9:1179442004:Product containing only ticagrelor in oromucosal dose form (medicinal product form):1.0 | 10:1010542009:Product containing precisely ticagrelor 60 milligram/1 each conventional release oral tablet (clinical drug):1.0
t1_row_03,condition,ClinicalCondition,Chronic ischemic heart disease,413838009,Chronic ischemic heart disease (disorder),413838009,Chronic ischemic heart disease (disorder),1,1,ranked,True,True,True,True,,1,1:413838009:Chronic ischemic heart disease (disorder):1.0,1:413838009:Chronic ischemic heart disease (disorder):1.0 | 2:414545008:Ischemic heart disease (disorder):1.0 | 3:194828000:Angina (disorder):1.0 | 4:413439005:Acute ischemic heart disease (disorder):1.0 | 5:712866001:Resting ischemia co-occurrent and due to ischemic heart disease (disorder):1.0 | 6:129573006:Atherosclerotic occlusive disease (disorder):0.9051074649872035 | 7:472100003:Ischemic dilated cardiomyopathy due to coronary artery disease (disorder):0.8885653851411394 | 8:281091000:Ischemic myocardial dysfunction (disorder):0.8883144001147798 | 9:73235004:Chronic ischemic enteritis (disorder):0.8780733944954128 | 10:82196007:Vascular insufficiency of intestine (disorder):0.8780733944954128
t1_row_03,condition,ClinicalCondition,Use of anticoagulation,260678004,Use of anticoagulation (attribute),260678004,Use of anticoagulation (attribute),1,1,rescue_override,,,,,,1,1:260678004:Use of anticoagulation (attribute):1.0,1:260678004:Use of anticoagulation (attribute):1.0
t1_row_03,condition,ClinicalCondition,Indication of,230165009,Indication of (contextual qualifier) (qualifier value),230165009,Indication of (contextual qualifier) (qualifier value),1,1,rescue_override,,,,,,1,1:230165009:Indication of (contextual qualifier) (qualifier value):1.0,1:230165009:Indication of (contextual qualifier) (qualifier value):1.0
t1_row_03,condition,Procedure,Percutaneous coronary revascularization,415070008,Percutaneous transluminal coronary intervention using imaging guidance with contrast (procedure),415070008,Percutaneous transluminal coronary intervention using imaging guidance with contrast (procedure),1,1,rescue_override,,,,,,1,1:415070008:Percutaneous transluminal coronary intervention using imaging guidance with contrast (procedure):1.0,1:415070008:Percutaneous transluminal coronary intervention using imaging guidance with contrast (procedure):1.0
t1_row_03,action,Medication,Aspirin,387458008,Aspirin (substance),387458008,Aspirin (substance),1,1,ranked,True,True,True,True,,1,1:387458008:Aspirin (substance):1.0,1:387458008:Aspirin (substance):1.0 | 2:25796002:Aluminium aspirin (substance):1.0 | 3:319775004:Product containing precisely aspirin 75 milligram/1 each conventional release oral tablet (clinical drug):1.0 | 4:329525004:Product containing precisely aspirin 300 milligram/1 each conventional release oral tablet (clinical drug):1.0 | 5:370166004:Product containing precisely aspirin 325 milligram/1 each conventional release oral tablet (clinical drug):1.0 | 6:426365001:Buffered aspirin (substance):1.0 | 7:735135008:Aspirin DL-lysine (substance):1.0 | 8:322232006:Product containing precisely aspirin 300 milligram/1 each conventional release rectal suppository (clinical drug):1.0 | 9:370164001:Product containing precisely aspirin 81 milligram/1 each conventional release chewable tablet (clinical drug):1.0 | 10:370176001:Product containing precisely aspirin 120 milligram/1 each conventional release rectal suppository (clinical drug):1.0
t1_row_04,condition,ClinicalCondition,Chronic ischemic heart disease,413838009,Chronic ischemic heart disease (disorder),413838009,Chronic ischemic heart disease (disorder),1,1,ranked,True,True,True,True,,1,1:413838009:Chronic ischemic heart disease (disorder):1.0,1:413838009:Chronic ischemic heart disease (disorder):1.0 | 2:414545008:Ischemic heart disease (disorder):1.0 | 3:194828000:Angina (disorder):1.0 | 4:413439005:Acute ischemic heart disease (disorder):1.0 | 5:712866001:Resting ischemia co-occurrent and due to ischemic heart disease (disorder):1.0 | 6:129573006:Atherosclerotic occlusive disease (disorder):0.9051074649872035 | 7:472100003:Ischemic dilated cardiomyopathy due to coronary artery disease (disorder):0.8885653851411394 | 8:281091000:Ischemic myocardial dysfunction (disorder):0.8883144001147798 | 9:73235004:Chronic ischemic enteritis (disorder):0.8780733944954128 | 10:82196007:Vascular insufficiency of intestine (disorder):0.8780733944954128
t1_row_04,condition,ClinicalCondition,Use of anticoagulation,260678004,Use of anticoagulation (attribute),260678004,Use of anticoagulation (attribute),1,1,rescue_override,,,,,,1,1:260678004:Use of anticoagulation (attribute):1.0,1:260678004:Use of anticoagulation (attribute):1.0
t1_row_04,condition,ClinicalCondition,Indication of,230165009,Indication of (contextual qualifier) (qualifier value),230165009,Indication of (contextual qualifier) (qualifier value),1,1,rescue_override,,,,,,1,1:230165009:Indication of (contextual qualifier) (qualifier value):1.0,1:230165009:Indication of (contextual qualifier) (qualifier value):1.0
t1_row_04,condition,Procedure,Percutaneous coronary revascularization,415070008,Percutaneous transluminal coronary intervention using imaging guidance with contrast (procedure),415070008,Percutaneous transluminal coronary intervention using imaging guidance with contrast (procedure),1,1,rescue_override,,,,,,1,1:415070008:Percutaneous transluminal coronary intervention using imaging guidance with contrast (procedure):1.0,1:415070008:Percutaneous transluminal coronary intervention using imaging guidance with contrast (procedure):1.0
t1_row_04,action,Medication,Aspirin,387458008,Aspirin (substance),387458008,Aspirin (substance),1,1,ranked,True,True,True,True,,1,1:387458008:Aspirin (substance):1.0,1:387458008:Aspirin (substance):1.0 | 2:25796002:Aluminium aspirin (substance):1.0 | 3:319775004:Product containing precisely aspirin 75 milligram/1 each conventional release oral tablet (clinical drug):1.0 | 4:329525004:Product containing precisely aspirin 300 milligram/1 each conventional release oral tablet (clinical drug):1.0 | 5:370166004:Product containing precisely aspirin 325 milligram/1 each conventional release oral tablet (clinical drug):1.0 | 6:426365001:Buffered aspirin (substance):1.0 | 7:735135008:Aspirin DL-lysine (substance):1.0 | 8:322232006:Product containing precisely aspirin 300 milligram/1 each conventional release rectal suppository (clinical drug):1.0 | 9:370164001:Product containing precisely aspirin 81 milligram/1 each conventional release chewable tablet (clinical drug):1.0 | 10:370176001:Product containing precisely aspirin 120 milligram/1 each conventional release rectal suppository (clinical drug):1.0
t1_row_04,action,Medication,Use of anticoagulation,260678004,Use of anticoagulation (attribute),,,0,,filtered_by_domain_roots,True,False,False,False,,0,,
t1_row_04,action,Medication,Oral,738956005,Oral (intended site),13790009,Product containing iron in oral dose form (medicinal product form),0,,filtered_by_domain_roots,True,False,False,False,,0,,1:13790009:Product containing iron in oral dose form (medicinal product form):1.0 | 2:1193597008:Product containing only aspirin and atorvastatin and clopidogrel in oral dose form (medicinal product form):1.0 | 3:1204238006:Product containing only atorvastatin and clopidogrel in oral dose form (medicinal product form):1.0 | 4:409312003:Product containing precisely aspirin 81 milligram and pravastatin 20 milligram/1 each conventional release oral tablet (clinical drug):1.0 | 5:1193596004:Product containing aspirin and atorvastatin and clopidogrel in oral dose form (medicinal product form):1.0 | 6:409313008:Product containing precisely aspirin 81 milligram and pravastatin 40 milligram/1 each conventional release oral tablet (clinical drug):1.0 | 7:1204239003:Product containing precisely atorvastatin (as atorvastatin calcium) 10 milligram and clopidogrel (as clopidogrel bisulfate) 75 milligram/1 each conventional release oral capsule (clinical drug):1.0 | 8:409314002:Product containing precisely aspirin 81 milligram and pravastatin 80 milligram/1 each conventional release oral tablet (clinical drug):1.0 | 9:409315001:Product containing precisely aspirin 325 milligram and pravastatin 80 milligram/1 each conventional release oral tablet (clinical drug):1.0 | 10:409317009:Product containing precisely aspirin 325 milligram and pravastatin 20 milligram/1 each conventional release oral tablet (clinical drug):1.0
t1_row_04,action,Medication,Clopidogrel,386952008,Clopidogrel (substance),386952008,Clopidogrel (substance),1,1,ranked,True,True,True,True,,1,1:386952008:Clopidogrel (substance):1.0,1:386952008:Clopidogrel (substance):1.0 | 2:734972007:Clopidogrel besilate (substance):1.0 | 3:775314005:Product containing only clopidogrel (medicinal product):1.0 | 4:778817005:Product containing only clopidogrel in oral dose form (medicinal product form):1.0 | 5:412354008:Clopidogrel bisulfate (substance):1.0 | 6:734471009:Clopidogrel hydrochloride (substance):1.0 | 7:714142006:Product containing clopidogrel in oral dose form (medicinal product form):1.0 | 8:1137312001:Product containing precisely clopidogrel (as clopidogrel hydrochloride) 75 milligram/1 each conventional release oral tablet (clinical drug):1.0 | 9:1137314000:Product containing precisely clopidogrel (as clopidogrel besilate) 75 milligram/1 each conventional release oral tablet (clinical drug):1.0 | 10:1204236005:Product containing only atorvastatin and clopidogrel (medicinal product):1.0
t1_row_05,condition,ClinicalCondition,Chronic ischemic heart disease,413838009,Chronic ischemic heart disease (disorder),413838009,Chronic ischemic heart disease (disorder),1,1,ranked,True,True,True,True,,1,1:413838009:Chronic ischemic heart disease (disorder):1.0,1:413838009:Chronic ischemic heart disease (disorder):1.0 | 2:414545008:Ischemic heart disease (disorder):1.0 | 3:194828000:Angina (disorder):1.0 | 4:413439005:Acute ischemic heart disease (disorder):1.0 | 5:712866001:Resting ischemia co-occurrent and due to ischemic heart disease (disorder):1.0 | 6:129573006:Atherosclerotic occlusive disease (disorder):0.9051074649872035 | 7:472100003:Ischemic dilated cardiomyopathy due to coronary artery disease (disorder):0.8885653851411394 | 8:281091000:Ischemic myocardial dysfunction (disorder):0.8883144001147798 | 9:73235004:Chronic ischemic enteritis (disorder):0.8780733944954128 | 10:82196007:Vascular insufficiency of intestine (disorder):0.8780733944954128
t1_row_05,condition,ClinicalCondition,Use of anticoagulation,260678004,Use of anticoagulation (attribute),260678004,Use of anticoagulation (attribute),1,1,rescue_override,,,,,,1,1:260678004:Use of anticoagulation (attribute):1.0,1:260678004:Use of anticoagulation (attribute):1.0
t1_row_05,condition,ClinicalCondition,Indication of,230165009,Indication of (contextual qualifier) (qualifier value),230165009,Indication of (contextual qualifier) (qualifier value),1,1,rescue_override,,,,,,1,1:230165009:Indication of (contextual qualifier) (qualifier value):1.0,1:230165009:Indication of (contextual qualifier) (qualifier value):1.0
t1_row_05,condition,Procedure,Percutaneous coronary revascularization,415070008,Percutaneous transluminal coronary intervention using imaging guidance with contrast (procedure),415070008,Percutaneous transluminal coronary intervention using imaging guidance with contrast (procedure),1,1,rescue_override,,,,,,1,1:415070008:Percutaneous transluminal coronary intervention using imaging guidance with contrast (procedure):1.0,1:415070008:Percutaneous transluminal coronary intervention using imaging guidance with contrast (procedure):1.0
t1_row_05,condition,ClinicalCondition,Finding of increased risk level,1255670000,Finding of increased risk level (finding),1255670000,Finding of increased risk level (finding),1,1,ranked,True,True,True,True,,1,1:1255670000:Finding of increased risk level (finding):1.0,1:1255670000:Finding of increased risk level (finding):1.0 | 2:129839007:At increased risk for falls (finding):0.8322448979591837 | 3:42427004:At increased risk for suffocation (finding):0.7822448979591836 | 4:45704003:At increased risk for noncompliance (finding):0.7822448979591836 | 5:78648007:At increased risk for infection (finding):0.7822448979591836 | 6:129691005:At increased risk for constipation (finding):0.7822448979591836 | 7:129692003:At increased risk for urge incontinence (finding):0.7822448979591836 | 8:129694002:At increased risk for disuse syndrome (finding):0.7822448979591836 | 9:129698004:At increased risk for loneliness (finding):0.7822448979591836 | 10:65108000:At increased risk for violence (finding):0.7822448979591836
t1_row_05,condition,ClinicalCondition,Ischemic stroke,422504002,Ischemic stroke (disorder),422504002,Ischemic stroke (disorder),1,1,ranked,True,True,True,True,,1,1:422504002:Ischemic stroke (disorder):1.0,1:422504002:Ischemic stroke (disorder):1.0 | 2:140911000119109:Ischemic stroke with coma (disorder):1.0 | 3:140921000119102:Ischemic stroke without coma (disorder):1.0 | 4:16891111000119104:Cryptogenic stroke (disorder):1.0 | 5:1142056004:Neonatal ischemic stroke (disorder):1.0 | 6:722929005:Fetal and/or neonatal perinatal arterial ischemic stroke (disorder):1.0 | 7:723083001:Late effects of cerebral ischemic stroke (disorder):1.0 | 8:672521000119108:Dysphasia due to and following ischemic cerebrovascular accident (disorder):1.0 | 9:674161000119102:Monoplegia of upper limb due to and following ischemic cerebrovascular accident (disorder):1.0 | 10:674091000119108:Vertigo due to and following ischemic cerebrovascular accident (disorder):1.0
t1_row_05,condition,ClinicalCondition,At high risk for bleeding,711536002,At high risk for bleeding (finding),711536002,At high risk for bleeding (finding),1,1,ranked,True,True,True,True,,1,1:711536002:At high risk for bleeding (finding):1.0,1:711536002:At high risk for bleeding (finding):1.0 | 2:1144302003:At high risk of bleeding due to vitamin K epoxide reductase complex 1 rapid metabolizer (finding):1.0 | 3:131148009:Bleeding (finding):0.5223456790123457 | 4:26322001:Bleeding from ear (disorder):0.5223456790123457 | 5:74474003:Gastrointestinal hemorrhage (disorder):0.5223456790123457 | 6:86276007:Bleeding gums (finding):0.5223456790123457 | 7:6072007:Bleeding from anus (disorder):0.5223456790123457 | 8:47821001:Postpartum hemorrhage (disorder):0.47234567901234575 | 9:22490002:Bleeding of mouth (finding):0.47234567901234575 | 10:12063002:Rectal hemorrhage (disorder):0.47234567901234575
t1_row_05,condition,ClinicalCondition,Coronary artery stent thrombosis,421327009,Coronary artery stent thrombosis (disorder),398274000,Coronary artery thrombosis (disorder),0,,filtered_by_domain_roots,True,False,False,False,,0,,1:398274000:Coronary artery thrombosis (disorder):0.8743902439024391 | 2:386138005:Stented coronary artery (finding):0.8660975609756099 | 3:16546371000119109:Drug coated stent in coronary artery (finding):0.6770731707317073 | 4:251030009:Restenosis of coronary artery stent (disorder):0.6660975609756097 | 5:442298000:Fracture of stent of coronary artery (disorder):0.6660975609756097 | 6:1269430006:Bare metal stent in coronary artery (finding):0.6270731707317072 | 7:504145431000119104:Stent in branch of left coronary artery (finding):0.6270731707317072 | 8:130551000119103:Stent in branch of right coronary artery (finding):0.6104065040650406 | 9:371809004:Recurrent angina following placement of coronary artery stent (disorder):0.6020731707317073 | 10:1335844007:Restenosis of coronary artery following insertion of stent into coronary artery (disorder):0.6020731707317073
t1_row_05,action,Medication,Rivaroxaban,442031002,Rivaroxaban (substance),442031002,Rivaroxaban (substance),1,1,ranked,True,True,True,True,,1,1:442031002:Rivaroxaban (substance):1.0,1:442031002:Rivaroxaban (substance):1.0 | 2:704472001:Product containing precisely rivaroxaban 10 milligram/1 each conventional release oral tablet (clinical drug):1.0 | 3:704473006:Product containing precisely rivaroxaban 15 milligram/1 each conventional release oral tablet (clinical drug):1.0 | 4:704474000:Product containing precisely rivaroxaban 20 milligram/1 each conventional release oral tablet (clinical drug):1.0 | 5:704475004:Product containing precisely rivaroxaban 2.5 milligram/1 each conventional release oral tablet (clinical drug):1.0 | 6:777455008:Product containing only rivaroxaban (medicinal product):1.0 | 7:768150008:Product containing rivaroxaban in oral dose form (medicinal product form):1.0 | 8:442539005:Product containing rivaroxaban (medicinal product):1.0 | 9:780387003:Product containing only rivaroxaban in oral dose form (medicinal product form):1.0 | 10:1260333003:Product containing precisely rivaroxaban 1 milligram/1 milliliter conventional release oral suspension (clinical drug):1.0
t1_row_06,condition,ClinicalCondition,Chronic ischemic heart disease,413838009,Chronic ischemic heart disease (disorder),413838009,Chronic ischemic heart disease (disorder),1,1,ranked,True,True,True,True,,1,1:413838009:Chronic ischemic heart disease (disorder):1.0,1:413838009:Chronic ischemic heart disease (disorder):1.0 | 2:414545008:Ischemic heart disease (disorder):1.0 | 3:194828000:Angina (disorder):1.0 | 4:413439005:Acute ischemic heart disease (disorder):1.0 | 5:712866001:Resting ischemia co-occurrent and due to ischemic heart disease (disorder):1.0 | 6:129573006:Atherosclerotic occlusive disease (disorder):0.9051074649872035 | 7:472100003:Ischemic dilated cardiomyopathy due to coronary artery disease (disorder):0.8885653851411394 | 8:281091000:Ischemic myocardial dysfunction (disorder):0.8883144001147798 | 9:73235004:Chronic ischemic enteritis (disorder):0.8780733944954128 | 10:82196007:Vascular insufficiency of intestine (disorder):0.8780733944954128
t1_row_06,condition,ClinicalCondition,Use of anticoagulation,260678004,Use of anticoagulation (attribute),260678004,Use of anticoagulation (attribute),1,1,rescue_override,,,,,,1,1:260678004:Use of anticoagulation (attribute):1.0,1:260678004:Use of anticoagulation (attribute):1.0
t1_row_06,condition,ClinicalCondition,Indication of,230165009,Indication of (contextual qualifier) (qualifier value),230165009,Indication of (contextual qualifier) (qualifier value),1,1,rescue_override,,,,,,1,1:230165009:Indication of (contextual qualifier) (qualifier value):1.0,1:230165009:Indication of (contextual qualifier) (qualifier value):1.0
t1_row_06,condition,Procedure,Percutaneous coronary revascularization,415070008,Percutaneous transluminal coronary intervention using imaging guidance with contrast (procedure),415070008,Percutaneous transluminal coronary intervention using imaging guidance with contrast (procedure),1,1,rescue_override,,,,,,1,1:415070008:Percutaneous transluminal coronary intervention using imaging guidance with contrast (procedure):1.0,1:415070008:Percutaneous transluminal coronary intervention using imaging guidance with contrast (procedure):1.0
t1_row_06,condition,Medication,Indirect acting anticoagulant,419847008,Indirect acting anticoagulant (substance),419847008,Indirect acting anticoagulant (substance),1,1,ranked,True,True,True,True,,1,1:419847008:Indirect acting anticoagulant (substance):1.0,1:419847008:Indirect acting anticoagulant (substance):1.0 | 2:372636002:Direct acting anticoagulant (substance):0.7252083333333333 | 3:372862008:Anticoagulant (substance):0.3703943452380952 | 4:16923002:Lupus anticoagulant (substance):0.2933854166666667 | 5:117448002:Brodifacoum (substance):0.22671875000000002 | 6:373307003:Coumarin anticoagulant (substance):0.22671875000000002 | 7:413545004:Annexin A5 (substance):0.22671875000000002 | 8:419927001:Anticoagulant antagonist (substance):0.22671875000000002 | 9:37852002:Indirect reacting bilirubin (substance):0.21812500000000007 | 10:420092006:Long-acting coumarin derivative (substance):0.17515625
t1_row_06,condition,Medication,Indication of,230165009,Indication of (contextual qualifier) (qualifier value),,,0,,filtered_by_domain_roots,True,False,False,False,,0,,
t1_row_06,condition,Medication,Drug therapy with explicit context,1290126002,Drug therapy with explicit context (situation),1290126002,Drug therapy with explicit context (situation),1,1,rescue_override,,,,,,1,1:1290126002:Drug therapy with explicit context (situation):1.0,1:1290126002:Drug therapy with explicit context (situation):1.0
t1_row_06,action,Medication,Indirect acting anticoagulant,419847008,Indirect acting anticoagulant (substance),419847008,Indirect acting anticoagulant (substance),1,1,ranked,True,True,True,True,,1,1:419847008:Indirect acting anticoagulant (substance):1.0,1:419847008:Indirect acting anticoagulant (substance):1.0 | 2:372636002:Direct acting anticoagulant (substance):0.7252083333333333 | 3:372862008:Anticoagulant (substance):0.3703943452380952 | 4:16923002:Lupus anticoagulant (substance):0.2933854166666667 | 5:117448002:Brodifacoum (substance):0.22671875000000002 | 6:373307003:Coumarin anticoagulant (substance):0.22671875000000002 | 7:413545004:Annexin A5 (substance):0.22671875000000002 | 8:419927001:Anticoagulant antagonist (substance):0.22671875000000002 | 9:37852002:Indirect reacting bilirubin (substance):0.21812500000000007 | 10:420092006:Long-acting coumarin derivative (substance):0.17515625
t1_row_07,condition,ClinicalCondition,Chronic ischemic heart disease,413838009,Chronic ischemic heart disease (disorder),413838009,Chronic ischemic heart disease (disorder),1,1,ranked,True,True,True,True,,1,1:413838009:Chronic ischemic heart disease (disorder):1.0,1:413838009:Chronic ischemic heart disease (disorder):1.0 | 2:414545008:Ischemic heart disease (disorder):1.0 | 3:194828000:Angina (disorder):1.0 | 4:413439005:Acute ischemic heart disease (disorder):1.0 | 5:712866001:Resting ischemia co-occurrent and due to ischemic heart disease (disorder):1.0 | 6:129573006:Atherosclerotic occlusive disease (disorder):0.9051074649872035 | 7:472100003:Ischemic dilated cardiomyopathy due to coronary artery disease (disorder):0.8885653851411394 | 8:281091000:Ischemic myocardial dysfunction (disorder):0.8883144001147798 | 9:73235004:Chronic ischemic enteritis (disorder):0.8780733944954128 | 10:82196007:Vascular insufficiency of intestine (disorder):0.8780733944954128
t1_row_07,condition,Procedure,Coronary artery bypass graft,232717009,Coronary artery bypass grafting (procedure),232717009,Coronary artery bypass grafting (procedure),1,1,ranked,True,True,True,True,,1,1:232717009:Coronary artery bypass grafting (procedure):1.0,1:232717009:Coronary artery bypass grafting (procedure):1.0 | 2:232719007:Coronary artery bypass graft x 1 (procedure):1.0 | 3:232720001:Coronary artery bypass grafts x 2 (procedure):1.0 | 4:232721002:Coronary artery bypass grafts x 3 (procedure):1.0 | 5:232722009:Coronary artery bypass grafts x 4 (procedure):1.0 | 6:232723004:Coronary artery bypass grafts x 5 (procedure):1.0 | 7:232724005:Coronary artery bypass grafts greater than 5 (procedure):1.0 | 8:252427007:Angiography of coronary artery bypass graft (procedure):1.0 | 9:3546002:Aortocoronary artery bypass graft with saphenous vein graft (procedure):1.0 | 10:414088005:Emergency coronary artery bypass graft (procedure):1.0
t1_row_07,action,Medication,Aspirin,387458008,Aspirin (substance),387458008,Aspirin (substance),1,1,ranked,True,True,True,True,,1,1:387458008:Aspirin (substance):1.0,1:387458008:Aspirin (substance):1.0 | 2:25796002:Aluminium aspirin (substance):1.0 | 3:319775004:Product containing precisely aspirin 75 milligram/1 each conventional release oral tablet (clinical drug):1.0 | 4:329525004:Product containing precisely aspirin 300 milligram/1 each conventional release oral tablet (clinical drug):1.0 | 5:370166004:Product containing precisely aspirin 325 milligram/1 each conventional release oral tablet (clinical drug):1.0 | 6:426365001:Buffered aspirin (substance):1.0 | 7:735135008:Aspirin DL-lysine (substance):1.0 | 8:322232006:Product containing precisely aspirin 300 milligram/1 each conventional release rectal suppository (clinical drug):1.0 | 9:370164001:Product containing precisely aspirin 81 milligram/1 each conventional release chewable tablet (clinical drug):1.0 | 10:370176001:Product containing precisely aspirin 120 milligram/1 each conventional release rectal suppository (clinical drug):1.0
t1_row_08,condition,ClinicalCondition,Chronic ischemic heart disease,413838009,Chronic ischemic heart disease (disorder),413838009,Chronic ischemic heart disease (disorder),1,1,ranked,True,True,True,True,,1,1:413838009:Chronic ischemic heart disease (disorder):1.0,1:413838009:Chronic ischemic heart disease (disorder):1.0 | 2:414545008:Ischemic heart disease (disorder):1.0 | 3:194828000:Angina (disorder):1.0 | 4:413439005:Acute ischemic heart disease (disorder):1.0 | 5:712866001:Resting ischemia co-occurrent and due to ischemic heart disease (disorder):1.0 | 6:129573006:Atherosclerotic occlusive disease (disorder):0.9051074649872035 | 7:472100003:Ischemic dilated cardiomyopathy due to coronary artery disease (disorder):0.8885653851411394 | 8:281091000:Ischemic myocardial dysfunction (disorder):0.8883144001147798 | 9:73235004:Chronic ischemic enteritis (disorder):0.8780733944954128 | 10:82196007:Vascular insufficiency of intestine (disorder):0.8780733944954128
t1_row_08,condition,string,Finding of increased risk level,1255670000,Finding of increased risk level (finding),1255670000,Finding of increased risk level (finding),1,1,ranked,True,True,True,True,,1,1:1255670000:Finding of increased risk level (finding):1.0,1:1255670000:Finding of increased risk level (finding):1.0 | 2:42427004:At increased risk for suffocation (finding):0.7822448979591836 | 3:45704003:At increased risk for noncompliance (finding):0.7822448979591836 | 4:38369006:At increased risk for cognitive impairment (finding):0.765578231292517 | 5:8317005:At increased risk for deficient parenting (finding):0.765578231292517 | 6:39623008:At increased risk for poisoning injury (finding):0.765578231292517 | 7:41775005:At increased risk for impaired home maintenance management (finding):0.7572448979591837 | 8:50048006:At increased risk for deficient fluid volume (finding):0.7572448979591837 | 9:49099001:Uric acid level above reference range (finding):0.7404081632653062 | 10:15454001:Increased size (finding):0.7179591836734694
t1_row_08,condition,string,Gastrointestinal hemorrhage,74474003,Gastrointestinal hemorrhage (disorder),74474003,Gastrointestinal hemorrhage (disorder),1,1,ranked,True,True,True,True,,1,1:74474003:Gastrointestinal hemorrhage (disorder):1.0,1:74474003:Gastrointestinal hemorrhage (disorder):1.0 | 2:83628005:Chronic gastrointestinal hemorrhage (disorder):1.0 | 3:155837004:Gastrointestinal haemorrhage (disorder):1.0 | 4:197471006:Gastrointestinal bleeding (& [unspecified]) (disorder):1.0 | 5:197474003:Upper gastrointestinal haemorrhage (disorder):1.0 | 6:206411005:Perinatal gastrointestinal hemorrhage NOS (disorder):1.0 | 7:266477005:Gastrointestinal hemorrhage unspecified (disorder):1.0 | 8:25349007:Chronic upper gastrointestinal hemorrhage (disorder):1.0 | 9:27719009:Acute gastrointestinal hemorrhage (disorder):1.0 | 10:37372002:Upper gastrointestinal hemorrhage (disorder):1.0
t1_row_08,action,Medication,Proton pump inhibitor,734582004,Hydrogen/potassium adenosine triphosphatase enzyme system inhibitor (disposition),734582004,Hydrogen/potassium adenosine triphosphatase enzyme system inhibitor (disposition),1,1,rescue_override,,,,,,1,1:734582004:Hydrogen/potassium adenosine triphosphatase enzyme system inhibitor (disposition):1.0,1:734582004:Hydrogen/potassium adenosine triphosphatase enzyme system inhibitor (disposition):1.0
